{
   "sOriginalPrefabName":"Lox",
   "sNewPrefabName":"MN_PolarLox",
   "Category_Appearance":{
      "vScale":{
         "fX":1.2,
         "fY":1.2,
         "fZ":1.2
      },
      "cTintColor":null,
      "cTintItems":null,
      "cBodySmoke":null,
      "cBodyFlames":null,
      "sCustomTexture":"MN_PolarLox"
   },
   "Category_Character":{
      "sName":"Icebreaker Lox",
      "sFaction":"MountainMonsters",
      "bBoss":false,
      "sBossEvent":"",
      "sDefeatSetGlobalKey":"",
      "fMoveSpeedMulti":1,
      "bToleratesWater":true,
      "bToleratesFire":false,
      "bToleratesSmoke":false,
      "bStaggerWhenBlocked":false,
      "fHealth":1400,
      "dDamageTaken":{
         "m_blunt":"Resistant",
         "m_slash":"Resistant",
         "m_pierce":"Normal",
         "m_chop":"Ignore",
         "m_pickaxe":"Ignore",
         "m_fire":"Weak",
         "m_frost":"VeryResistant",
         "m_lightning":"Normal",
         "m_poison":"Normal",
         "m_spirit":"Immune"
      }
   },
   "Category_Humanoid":{
      "dtAttackDamageOverride":null,
      "fAttackDamageTotalOverride":null,
      "sAttackProjectileOverride":null,
      "aDefaultItems":[
         "@1",
         "@2",
         "@3"
      ],
      "aRandomWeapon":[
         
      ],
      "aRandomArmor":[
         
      ],
      "aRandomShield":[
         
      ],
      "aaRandomSets":[
         
      ],
      "aHitEffects":[
         "fx_lox_hit"
      ],
      "aDeathEffects":[
         "fx_lox_death",
         "lox_ragdoll"
      ],
      "aConsumeItemEffects":[
         "sfx_creature_consume"
      ],
      "aAdvancedCustomAttacks":[
         {
            "sOriginalPrefabName":"lox_stomp",
            "sTargetAnim":"attack_stomp",
            "fAIAttackInterval":12,
            "bAIPrioritized":true,
            "dtAttackDamageOverride":{
               "fDamage":0,
               "fBlunt":140,
               "fSlash":0,
               "fPierce":0,
               "fChop":100,
               "fPickaxe":100,
               "fFire":0,
               "fFrost":0,
               "fLightning":0,
               "fPoison":0,
               "fSpirit":0
            },
            "fAttackDamageTotalOverride":null,
            "sAttackProjectileOverride":null,
            "aStartEffects":null,
            "aHitEffects":[
               "fx_dragon_land",
               "vfx_ice_destroyed"
            ],
            "aTriggerEffects":null
         },
         {
            "sOriginalPrefabName":"lox_bite",
            "sTargetAnim":"attack_bite",
            "fAIAttackInterval":6,
            "bAIPrioritized":null,
            "dtAttackDamageOverride":{
               "fDamage":0,
               "fBlunt":0,
               "fSlash":120,
               "fPierce":0,
               "fChop":0,
               "fPickaxe":0,
               "fFire":0,
               "fFrost":20,
               "fLightning":0,
               "fPoison":0,
               "fSpirit":0
            },
            "fAttackDamageTotalOverride":null,
            "sAttackProjectileOverride":null,
            "aStartEffects":null,
            "aHitEffects":[
               "vfx_ColdBall_Hit",
               "sfx_wolf_attack_hit"
            ],
            "aTriggerEffects":null
         },
         {
            "sOriginalPrefabName":"dragon_bite",
            "sTargetAnim":"attack_bite",
            "fAIAttackInterval":20,
            "fAIAttackRangeMin":2,
            "bAIPrioritized":null,
            "dtAttackDamageOverride":{
               "fDamage":0,
               "fBlunt":60,
               "fSlash":0,
               "fPierce":0,
               "fChop":0,
               "fPickaxe":0,
               "fFire":0,
               "fFrost":100,
               "fLightning":0,
               "fPoison":0,
               "fSpirit":0
            },
            "fAttackDamageTotalOverride":null,
            "sAttackProjectileOverride":null,
            "aStartEffects":[
               "vfx_dragon_coldbreath",
               "sfx_lox_attack_stomp",
               "sfx_dragon_coldbreath_trailon"
            ],
            "aHitEffects":[
               "vfx_ColdBall_Hit",
               "sfx_ice_hit"
            ],
            "aTriggerEffects":null
         }
      ]
   },
   "Category_BaseAI":{
      "fViewRange":25,
      "fViewAngle":90,
      "fHearRange":15,
      "aAlertedEffects":[
         "sfx_lox_alerted"
      ],
      "aIdleEffects":[
         
      ],
      "fIdleEffectsInterval":15,
      "fIdleEffectsChance":0.5,
      "sPathAgentType":"HugeSize",
      "fRandomCircleInterval":2,
      "fRandomMoveInterval":60,
      "fRandomMoveRange":10,
      "bRandomFly":false,
      "fChanceToTakeoff":1,
      "fChanceToLand":1,
      "fGroundDuration":10,
      "fAirDuration":10,
      "fMaxLandAltitude":5,
      "fFlyAltitudeMin":3,
      "fFlyAltitudeMax":10,
      "fTakeoffTime":5,
      "bAvoidFire":false,
      "bAfraidOfFire":false,
      "bAvoidWater":true,
      "sSpawnMessage":"",
      "sDeathMessage":""
   },
   "Category_MonsterAI":{
      "fAlertRange":6,
      "bFleeIfHurtWhenTargetCantBeReached":true,
      "bFleeIfNotAlerted":false,
      "fFleeIfLowHealth":0,
      "bCirculateWhileCharging":false,
      "bCirculateWhileChargingFlying":false,
      "bEnableHuntPlayer":false,
      "bAttackPlayerObjects":true,
      "bAttackPlayerObjectsWhenAlerted":null,
      "fInterceptTimeMax":2,
      "fInterceptTimeMin":0,
      "fMaxChaseDistance":0,
      "fMinAttackInterval":2,
      "fCircleTargetInterval":30,
      "fCircleTargetDuration":5,
      "fCircleTargetDistance":10,
      "bSleeping":false,
      "bNoiseWakeup":false,
      "fNoiseRangeScale":null,
      "fWakeupRange":5,
      "aWakeupEffects":[
         
      ],
      "bAvoidLand":false,
      "aConsumeItems":[
         "Cloudberry",
         "Barley",
         "Flax"
      ],
      "fConsumeRange":4,
      "fConsumeSearchRange":10,
      "fConsumeSearchInterval":10,
      "fConsumeHeal":0
   },
   "Category_CharacterDrop":{
      "bReplaceOriginalDrops":true,
      "drDrops":[
         
      ]
   },
   "Category_Special":{
      "bCanTame":false,
      "bAlwaysTame":false,
      "bCommandableWhenTame":false,
      "bCanProcreateWhenTame":false,
      "bFxNoTame":false,
      "bSfxNoAlert":false,
      "bSfxNoIdle":false,
      "bSfxNoHit":false,
      "bSfxNoDeath":false
   },
   "Category_NpcOnly":null,
   "sConfigFormatVersion":"0.2.0"
}