{
   "sOriginalPrefabName":"Fenring",
   "sNewPrefabName":"MN_PolarFenring",
   "Category_Appearance":{
      "vScale":{
         "fX":1.2,
         "fY":1.2,
         "fZ":1.2
      },
      "cTintColor":null,
      "cTintItems":null,
      "cBodySmoke":null,
      "cBodyFlames":null,
      "sCustomTexture":"MN_PolarFenring"
   },
   "Category_Character":{
      "sName":"Pale-coat Fenring",
      "sFaction":"MountainMonsters",
      "bBoss":false,
      "sBossEvent":"",
      "sDefeatSetGlobalKey":"",
      "fMoveSpeedMulti":1.2,
      "bToleratesWater":true,
      "bToleratesFire":false,
      "bToleratesSmoke":false,
      "bStaggerWhenBlocked":true,
      "fHealth":900,
      "dDamageTaken":{
         "m_blunt":"Normal",
         "m_slash":"Normal",
         "m_pierce":"Normal",
         "m_chop":"Ignore",
         "m_pickaxe":"Ignore",
         "m_fire":"Weak",
         "m_frost":"VeryResistant",
         "m_lightning":"Normal",
         "m_poison":"Resistant",
         "m_spirit":"Normal"
      }
   },
   "Category_Humanoid":{
      "dtAttackDamageOverride":null,
      "fAttackDamageTotalOverride":null,
      "sAttackProjectileOverride":null,
      "aDefaultItems":[
         "@1",
         "@2",
         "@3"
      ],
      "aRandomWeapon":[
         
      ],
      "aRandomArmor":[
         
      ],
      "aRandomShield":[
         
      ],
      "aaRandomSets":[
         
      ],
      "aHitEffects":[
         "vfx_fenring_hurt",
         "sfx_greydwarf_hit"
      ],
      "aDeathEffects":[
         "vfx_fenring_death",
         "Fenring_ragdoll",
         "sfx_fenring_death"
      ],
      "aConsumeItemEffects":[
         
      ],
      "aAdvancedCustomAttacks":[
         {
            "sOriginalPrefabName":"Fenring_attack_claw",
            "sTargetAnim":"attack_claw",
            "fAIAttackInterval":4,
            "bAIPrioritized":null,
            "dtAttackDamageOverride":{
               "fDamage":0,
               "fBlunt":0,
               "fSlash":140,
               "fPierce":0,
               "fChop":0,
               "fPickaxe":0,
               "fFire":0,
               "fFrost":0,
               "fLightning":0,
               "fPoison":0,
               "fSpirit":0
            },
            "fAttackDamageTotalOverride":null,
            "sAttackProjectileOverride":null,
            "aStartEffects":[
               "sfx_fenring_claw_start"
            ],
            "aHitEffects":[
               "vfx_BloodHit",
               "sfx_fenring_claw_hit"
            ],
            "aTriggerEffects":null
         },
         {
            "sOriginalPrefabName":"troll_groundslam",
            "sTargetAnim":"attack_jump",
            "fAIAttackInterval":16,
            "bAIPrioritized":null,
            "dtAttackDamageOverride":{
               "fDamage":0,
               "fBlunt":140,
               "fSlash":60,
               "fPierce":0,
               "fChop":0,
               "fPickaxe":0,
               "fFire":0,
               "fFrost":0,
               "fLightning":0,
               "fPoison":0,
               "fSpirit":0
            },
            "fAttackDamageTotalOverride":null,
            "sAttackProjectileOverride":null,
            "aStartEffects":[
               "sfx_fenring_jump_trailstart"
            ],
            "aHitEffects":[
               "vfx_ice_destroyed",
               "sfx_fenring_jump_trigger"
            ],
            "aTriggerEffects":null
         },
         {
            "sOriginalPrefabName":"Fenring_taunt",
            "sTargetAnim":"attack_taunt",
            "fAIAttackInterval":25,
            "bAIPrioritized":true,
            "dtAttackDamageOverride":{
               "fDamage":0,
               "fBlunt":0,
               "fSlash":0,
               "fPierce":0,
               "fChop":0,
               "fPickaxe":0,
               "fFire":0,
               "fFrost":0,
               "fLightning":0,
               "fPoison":0,
               "fSpirit":0
            },
            "fAttackDamageTotalOverride":null,
            "sAttackProjectileOverride":null,
            "aStartEffects":null,
            "aHitEffects":null,
            "aTriggerEffects":null
         }
      ]
   },
   "Category_BaseAI":{
      "fViewRange":30,
      "fViewAngle":90,
      "fHearRange":9999,
      "aAlertedEffects":[
         "sfx_fenring_alerted"
      ],
      "aIdleEffects":[
         "sfx_fenring_idle"
      ],
      "fIdleEffectsInterval":10,
      "fIdleEffectsChance":0.5,
      "sPathAgentType":"HorseSize",
      "fRandomCircleInterval":2,
      "fRandomMoveInterval":10,
      "fRandomMoveRange":10,
      "bRandomFly":false,
      "fChanceToTakeoff":1,
      "fChanceToLand":1,
      "fGroundDuration":10,
      "fAirDuration":10,
      "fMaxLandAltitude":5,
      "fFlyAltitudeMin":3,
      "fFlyAltitudeMax":10,
      "fTakeoffTime":5,
      "bAvoidFire":false,
      "bAfraidOfFire":false,
      "bAvoidWater":true,
      "sSpawnMessage":"",
      "sDeathMessage":""
   },
   "Category_MonsterAI":{
      "fAlertRange":20,
      "bFleeIfHurtWhenTargetCantBeReached":true,
      "bFleeIfNotAlerted":false,
      "fFleeIfLowHealth":0,
      "bCirculateWhileCharging":true,
      "bCirculateWhileChargingFlying":false,
      "bEnableHuntPlayer":false,
      "bAttackPlayerObjects":true,
      "bAttackPlayerObjectsWhenAlerted":null,
      "fInterceptTimeMax":0,
      "fInterceptTimeMin":0,
      "fMaxChaseDistance":0,
      "fMinAttackInterval":0,
      "fCircleTargetInterval":0,
      "fCircleTargetDuration":5,
      "fCircleTargetDistance":10,
      "bSleeping":false,
      "bNoiseWakeup":false,
      "fNoiseRangeScale":null,
      "fWakeupRange":5,
      "aWakeupEffects":[
         
      ],
      "bAvoidLand":false,
      "aConsumeItems":[
         
      ],
      "fConsumeRange":2,
      "fConsumeSearchRange":5,
      "fConsumeSearchInterval":10,
      "fConsumeHeal":0
   },
   "Category_CharacterDrop":{
      "bReplaceOriginalDrops":true,
      "drDrops":[

      ]
   },
   "Category_Special":{
      "bCanTame":false,
      "bAlwaysTame":false,
      "bCommandableWhenTame":false,
      "bCanProcreateWhenTame":false,
      "bFxNoTame":false,
      "bSfxNoAlert":false,
      "bSfxNoIdle":false,
      "bSfxNoHit":false,
      "bSfxNoDeath":false
   },
   "Category_NpcOnly":null,
   "sConfigFormatVersion":"0.2.0"
}