{
   "sOriginalPrefabName":"MLNPC_Male0",
   "sNewPrefabName":"MN_PolarCultist",
   "Category_Appearance":{
      "vScale":{
         "fX":1.2,
         "fY":1.2,
         "fZ":1.2
      },
      "cTintColor":null,
      "cTintItems":null,
      "cBodySmoke":null,
      "cBodyFlames":null,
      "sCustomTexture":null
   },
   "Category_Character":{
      "sName":"Cultist",
      "sFaction":"MountainMonsters",
      "bBoss":false,
      "sBossEvent":"",
      "sDefeatSetGlobalKey":"",
      "fMoveSpeedMulti":1,
      "bToleratesWater":true,
      "bToleratesFire":false,
      "bToleratesSmoke":false,
      "fHealth":280,
      "dDamageTaken":{
         "m_blunt":"Normal",
         "m_slash":"Normal",
         "m_pierce":"Normal",
         "m_chop":"Ignore",
         "m_pickaxe":"Ignore",
         "m_fire":"Normal",
         "m_frost":"Resistant",
         "m_lightning":"Normal",
         "m_poison":"Immune",
         "m_spirit":"Normal"
      }
   },
   "Category_Humanoid":{
      "dtAttackDamageOverride":null,
      "fAttackDamageTotalOverride":null,
      "sAttackProjectileOverride":null,
      "aDefaultItems":[
         
      ],
      "aRandomWeapon":[
         
      ],
      "aRandomArmor":[
         
      ],
      "aRandomShield":[
         
      ],
      "aaRandomSets":[
         {
            "aSetItems":[
               "@1",
               "NPC_SpearWolfFang",
               "HelmetFenring",
               "ArmorFenringChest",
               "ArmorFenringLegs",
               "ShieldBronzeBuckler"
            ]
         },
         {
            "aSetItems":[
               "@1",
               "@5",
               "NPC_SpearWolfFang",
               "HelmetFenring",
               "ArmorFenringChest",
               "ArmorFenringLegs",
               "ShieldBronzeBuckler"
            ]
         },
         {
            "aSetItems":[
               "@2",
               "@3",
               "@4",
               "NPC_SpearWolfFang",
               "HelmetFenring",
               "ArmorFenringChest",
               "ArmorFenringLegs",
               "ShieldBronzeBuckler"
            ]
         },
         {
            "aSetItems":[
               "@2",
               "@3",
               "@4",
               "@5",
               "NPC_SpearWolfFang",
               "HelmetFenring",
               "ArmorFenringChest",
               "ArmorFenringLegs",
               "ShieldBronzeBuckler"
            ]
         }
      ],
      "aHitEffects":[
         "vfx_BloodHit",
         "sfx_male0_hit"
      ],
      "aDeathEffects":[
         "vfx_player_death",
         "MLNPC_Male0_Ragdoll",
         "sfx_male0_death"
      ],
      "aConsumeItemEffects":[
         
      ],
      "aAdvancedCustomAttacks":[
         {
            "sOriginalPrefabName":"attack_spear_throw",
            "sTargetAnim":"",
            "fAIAttackInterval":6,
            "bAIPrioritized":true,
            "dtAttackDamageOverride":{
               "fDamage":0,
               "fBlunt":0,
               "fSlash":0,
               "fPierce":100,
               "fChop":0,
               "fPickaxe":0,
               "fFire":0,
               "fFrost":0,
               "fLightning":0,
               "fPoison":0,
               "fSpirit":0
            },
            "fAttackDamageTotalOverride":null,
            "sAttackProjectileOverride":"projectile_chitinharpoon",
            "aStartEffects":null,
            "aHitEffects":null,
            "aTriggerEffects":null
         },
         {
            "sOriginalPrefabName":"attack_spear_jab",
            "sTargetAnim":"spear_poke0",
            "fAIAttackInterval":4,
            "bAIPrioritized":true,
            "dtAttackDamageOverride":{
               "fDamage":0,
               "fBlunt":0,
               "fSlash":0,
               "fPierce":125,
               "fChop":0,
               "fPickaxe":0,
               "fFire":0,
               "fFrost":0,
               "fLightning":0,
               "fPoison":0,
               "fSpirit":0
            },
            "fAttackDamageTotalOverride":null,
            "sAttackProjectileOverride":null,
            "aStartEffects":[
               "sfx_male0_attack",
               "sfx_spear_poke"
            ],
            "aHitEffects":[
               "sfx_spear_hit"
            ],
            "aTriggerEffects":null
         },
         {
            "sOriginalPrefabName":"attack_shield",
            "sTargetAnim":"shield_bash0",
            "fAIAttackInterval":12,
            "bAIPrioritized":null,
            "dtAttackDamageOverride":{
               "fDamage":0,
               "fBlunt":85,
               "fSlash":0,
               "fPierce":0,
               "fChop":0,
               "fPickaxe":0,
               "fFire":0,
               "fFrost":0,
               "fLightning":0,
               "fPoison":0,
               "fSpirit":0
            },
            "fAttackDamageTotalOverride":null,
            "sAttackProjectileOverride":null,
            "aStartEffects":[
               "sfx_male0_attack",
               "sfx_club_swing"
            ],
            "aHitEffects":[
               "vfx_clubhit",
               "vfx_HitSparks",
               "sfx_metal_shield_blocked"
            ],
            "aTriggerEffects":null
         },
         {
            "sOriginalPrefabName":"attack_shield_block",
            "sTargetAnim":"block0",
            "fAIAttackInterval":14,
            "bAIPrioritized":false,
            "dtAttackDamageOverride":{
               "fDamage":0,
               "fBlunt":0,
               "fSlash":0,
               "fPierce":0,
               "fChop":0,
               "fPickaxe":0,
               "fFire":0,
               "fFrost":0,
               "fLightning":0,
               "fPoison":0,
               "fSpirit":0
            },
            "fAttackDamageTotalOverride":null,
            "sAttackProjectileOverride":null,
            "aStartEffects":[
               
            ],
            "aHitEffects":[
               
            ],
            "aTriggerEffects":null
         },
         {
            "sOriginalPrefabName":"attack_knife_secondary",
            "sTargetAnim":"jump_attack1",
            "fAIAttackInterval":18,
            "bAIPrioritized":true,
            "dtAttackDamageOverride":{
               "fDamage":0,
               "fBlunt":125,
               "fSlash":0,
               "fPierce":0,
               "fChop":0,
               "fPickaxe":0,
               "fFire":0,
               "fFrost":0,
               "fLightning":0,
               "fPoison":0,
               "fSpirit":0
            },
            "fAttackDamageTotalOverride":null,
            "sAttackProjectileOverride":null,
            "aStartEffects":[
               "sfx_male0_attack_secondary"
            ],
            "aHitEffects":[
               "vfx_stonegolem_attack_hit"
            ],
            "aTriggerEffects":null
         },
         {
            "sOriginalPrefabName":"attack_taunt",
            "sTargetAnim":"taunt1",
            "fAIAttackInterval":18,
            "bAIPrioritized":null,
            "dtAttackDamageOverride":{
               "fDamage":0,
               "fBlunt":0,
               "fSlash":0,
               "fPierce":0,
               "fChop":0,
               "fPickaxe":0,
               "fFire":0,
               "fFrost":0,
               "fLightning":0,
               "fPoison":0,
               "fSpirit":0
            },
            "fAttackDamageTotalOverride":null,
            "sAttackProjectileOverride":null,
            "aStartEffects":null,
            "aHitEffects":null,
            "aTriggerEffects":[
               "sfx_male0_attack_secondary"
            ]
         }
      ]
   },
   "Category_BaseAI":{
      "fViewRange":30,
      "fViewAngle":90,
      "fHearRange":9999,
      "aAlertedEffects":[
         "sfx_male0_attack_secondary"
      ],
      "aIdleEffects":[
         
      ],
      "fIdleEffectsInterval":10,
      "fIdleEffectsChance":0.5,
      "sPathAgentType":"HumanoidNoSwim",
      "fRandomCircleInterval":2,
      "fRandomMoveInterval":20,
      "fRandomMoveRange":10,
      "bRandomFly":false,
      "fChanceToTakeoff":1,
      "fChanceToLand":1,
      "fGroundDuration":10,
      "fAirDuration":10,
      "fMaxLandAltitude":5,
      "fFlyAltitudeMin":3,
      "fFlyAltitudeMax":10,
      "fTakeoffTime":5,
      "bAvoidFire":false,
      "bAfraidOfFire":false,
      "bAvoidWater":true,
      "sSpawnMessage":"",
      "sDeathMessage":""
   },
   "Category_MonsterAI":{
      "fAlertRange":20,
      "bFleeIfHurtWhenTargetCantBeReached":true,
      "bFleeIfNotAlerted":false,
      "fFleeIfLowHealth":0,
      "bCirculateWhileCharging":false,
      "bCirculateWhileChargingFlying":false,
      "bEnableHuntPlayer":false,
      "bAttackPlayerObjects":true,
      "bAttackPlayerObjectsWhenAlerted":null,
      "fInterceptTimeMax":2,
      "fInterceptTimeMin":0,
      "fMaxChaseDistance":0,
      "fMinAttackInterval":0,
      "fCircleTargetInterval" : 8,
      "fCircleTargetDuration" : 6,
      "fCircleTargetDistance" : 8,
      "bSleeping":false,
      "bNoiseWakeup":false,
      "fNoiseRangeScale":null,
      "fWakeupRange":5,
      "aWakeupEffects":[
         
      ],
      "bAvoidLand":false,
      "aConsumeItems":[
         
      ],
      "fConsumeRange":2,
      "fConsumeSearchRange":5,
      "fConsumeSearchInterval":10,
      "fConsumeHeal":0
   },
   "Category_CharacterDrop":{
      "bReplaceOriginalDrops":true,
      "drDrops":[
         
      ]
   },
   "Category_Special":{
      "bCanTame":false,
      "bAlwaysTame":false,
      "bCommandableWhenTame":false,
      "bCanProcreateWhenTame":false,
      "bFxNoTame":false,
      "bSfxNoAlert":false,
      "bSfxNoIdle":false,
      "bSfxNoHit":false,
      "bSfxNoDeath":false
   },
   "Category_NpcOnly":null,
   "sConfigFormatVersion":"0.2.0"
}