{
   "sOriginalPrefabName":"Fenring",
   "sNewPrefabName":"MN_StormFenring",
   "Category_Appearance":{
      "vScale":{
         "fX":1.3,
         "fY":1.3,
         "fZ":1.3
      },
      "cTintColor":null,
      "cTintItems":null,
      "cBodySmoke":{
         "fRed":0.1,
         "fGreen":0.1,
         "fBlue":0.1
      },
      "cBodyFlames":null,
      "sCustomTexture":"MN_StormFenring"
   },
   "Category_Character":{
      "sName":"The One Who Hunts in the Rain",
      "sFaction":"MountainMonsters",
      "bBoss":false,
      "sBossEvent":"",
      "sDefeatSetGlobalKey":"",
      "fMoveSpeedMulti":1.2,
      "bToleratesWater":true,
      "bToleratesFire":false,
      "bToleratesSmoke":false,
      "bStaggerWhenBlocked":null,
      "fHealth":600,
      "dDamageTaken":{
         "m_blunt":"Normal",
         "m_slash":"Normal",
         "m_pierce":"Normal",
         "m_chop":"Ignore",
         "m_pickaxe":"Ignore",
         "m_fire":"Weak",
         "m_frost":"Resistant",
         "m_lightning":"VeryResistant",
         "m_poison":"Resistant",
         "m_spirit":"Normal"
      }
   },
   "Category_Humanoid":{
      "dtAttackDamageOverride":null,
      "fAttackDamageTotalOverride":null,
      "sAttackProjectileOverride":null,
      "aDefaultItems":[
         "@1",
         "@2",
         "@3",
         "@4"
      ],
      "aRandomWeapon":[
         
      ],
      "aRandomArmor":[
         
      ],
      "aRandomShield":[
         
      ],
      "aaRandomSets":[
         
      ],
      "aHitEffects":[
         "vfx_fenring_hurt",
         "sfx_greydwarf_hit"
      ],
      "aDeathEffects":[
         "fx_eikthyr_stomp",
         "vfx_fenring_death",
         "sfx_fenring_death",
         "Fenring_ragdoll"
      ],
      "aConsumeItemEffects":[
         
      ],
      "aAdvancedCustomAttacks":[
         {
            "sOriginalPrefabName":"Fenring_attack_claw",
            "sTargetAnim":"attack_claw",
            "fAIAttackInterval":4,
            "bAIPrioritized":true,
            "dtAttackDamageOverride":{
               "fDamage":0,
               "fBlunt":70,
               "fSlash":0,
               "fPierce":0,
               "fChop":0,
               "fPickaxe":0,
               "fFire":0,
               "fFrost":0,
               "fLightning":20,
               "fPoison":0,
               "fSpirit":0
            },
            "fAttackDamageTotalOverride":null,
            "sAttackProjectileOverride":null,
            "aStartEffects":[
               "sfx_fenring_claw_start"
            ],
            "aHitEffects":[
               "vfx_BloodHit",
               "sfx_fenring_claw_hit"
            ],
            "aTriggerEffects":null
         },
         {
            "sOriginalPrefabName":"troll_groundslam",
            "sTargetAnim":"attack_jump",
            "fAIAttackInterval":16,
            "fAIAttackRangeMin":2,
            "bAIPrioritized":null,
            "dtAttackDamageOverride":{
               "fDamage":0,
               "fBlunt":60,
               "fSlash":0,
               "fPierce":0,
               "fChop":0,
               "fPickaxe":0,
               "fFire":0,
               "fFrost":0,
               "fLightning":40,
               "fPoison":0,
               "fSpirit":0
            },
            "fAttackDamageTotalOverride":null,
            "sAttackProjectileOverride":null,
            "aStartEffects":[
               "sfx_fenring_jump_trailstart"
            ],
            "aHitEffects":[
               "fx_eikthyr_stomp",
               "sfx_fenring_jump_trigger"
            ],
            "aTriggerEffects":null
         },
         {
            "sOriginalPrefabName":"Eikthyr_stomp",
            "sTargetAnim":"attack_taunt",
            "fAIAttackInterval":20,
            "bAIPrioritized":null,
            "bBlockable":false,
            "dtAttackDamageOverride":{
               "fDamage":0,
               "fBlunt":40,
               "fSlash":0,
               "fPierce":0,
               "fChop":0,
               "fPickaxe":0,
               "fFire":0,
               "fFrost":0,
               "fLightning":60,
               "fPoison":0,
               "fSpirit":0
            },
            "fAttackDamageTotalOverride":null,
            "sAttackProjectileOverride":null,
            "aStartEffects":[
               "sfx_fenring_howl"
            ],
            "aHitEffects":[
               "fx_himminafl_hit",
               "fx_goblinbrute_groundslam"
            ],
            "aTriggerEffects":[
               
            ]
         },
         {
            "sOriginalPrefabName":"Eikthyr_charge",
            "sTargetAnim":"attack_taunt",
            "fAIAttackInterval":20,
            "bAIPrioritized":null,
            "bBlockable":false,
            "dtAttackDamageOverride":{
               "fDamage":0,
               "fBlunt":0,
               "fSlash":0,
               "fPierce":0,
               "fChop":0,
               "fPickaxe":0,
               "fFire":0,
               "fFrost":0,
               "fLightning":120,
               "fPoison":0,
               "fSpirit":0
            },
            "fAttackDamageTotalOverride":null,
            "sAttackProjectileOverride":null,
            "aStartEffects":null,
            "aHitEffects":null,
            "aTriggerEffects":null
         }
      ]
   },
   "Category_BaseAI":{
      "fViewRange":30,
      "fViewAngle":90,
      "fHearRange":9999,
      "aAlertedEffects":[
         "sfx_fenring_alerted"
      ],
      "aIdleEffects":[
         "sfx_fenring_idle"
      ],
      "fIdleEffectsInterval":10,
      "fIdleEffectsChance":0.5,
      "sPathAgentType":"HorseSize",
      "fRandomCircleInterval":2,
      "fRandomMoveInterval":10,
      "fRandomMoveRange":10,
      "bRandomFly":false,
      "fChanceToTakeoff":1,
      "fChanceToLand":1,
      "fGroundDuration":10,
      "fAirDuration":10,
      "fMaxLandAltitude":5,
      "fFlyAltitudeMin":3,
      "fFlyAltitudeMax":10,
      "fTakeoffTime":5,
      "bAvoidFire":false,
      "bAfraidOfFire":false,
      "bAvoidWater":true,
      "sSpawnMessage":"",
      "sDeathMessage":""
   },
   "Category_MonsterAI":{
      "fAlertRange":20,
      "bFleeIfHurtWhenTargetCantBeReached":true,
      "bFleeIfNotAlerted":false,
      "fFleeIfLowHealth":0,
      "bCirculateWhileCharging":true,
      "bCirculateWhileChargingFlying":false,
      "bEnableHuntPlayer":false,
      "bAttackPlayerObjects":true,
      "bAttackPlayerObjectsWhenAlerted":null,
      "fInterceptTimeMax":2,
      "fInterceptTimeMin":0,
      "fMaxChaseDistance":0,
      "fMinAttackInterval":3,
      "fCircleTargetInterval":0,
      "fCircleTargetDuration":5,
      "fCircleTargetDistance":10,
      "bSleeping":false,
      "bNoiseWakeup":false,
      "fNoiseRangeScale":null,
      "fWakeupRange":5,
      "aWakeupEffects":[
         
      ],
      "bAvoidLand":false,
      "aConsumeItems":[
         
      ],
      "fConsumeRange":2,
      "fConsumeSearchRange":5,
      "fConsumeSearchInterval":10,
      "fConsumeHeal":0
   },
   "Category_CharacterDrop":{
      "bReplaceOriginalDrops":true,
      "drDrops":[
         
      ]
   },
   "Category_Special":{
      "bCanTame":false,
      "bAlwaysTame":false,
      "bCommandableWhenTame":false,
      "bCanProcreateWhenTame":false,
      "bFxNoTame":false,
      "bSfxNoAlert":false,
      "bSfxNoIdle":false,
      "bSfxNoHit":false,
      "bSfxNoDeath":false
   },
   "Category_NpcOnly":null,
   "sConfigFormatVersion":"0.2.0"
}