{
   "sOriginalPrefabName":"TreeSpider",
   "sNewPrefabName":"MN_DarkSpiderSmall",
   "Category_Appearance":{
      "vScale":{
         "fX":0.6,
         "fY":0.6,
         "fZ":0.6
      },
      "cTintColor":null,
      "cTintItems":null,
      "cBodySmoke":null,
      "cBodyFlames":null,
      "sCustomTexture":"MN_DarkSpiderSmall"
   },
   "Category_Character":{
      "sName":"Arachnid Brood",
      "sFaction":"ForestMonsters",
      "bBoss":false,
      "sBossEvent":"",
      "sDefeatSetGlobalKey":"",
      "fMoveSpeedMulti":1.2,
      "bToleratesWater":true,
      "bToleratesFire":false,
      "bToleratesSmoke":false,
      "bStaggerWhenBlocked":null,
      "fHealth":40,
      "dDamageTaken":{
         "m_blunt":"Normal",
         "m_slash":"Resistant",
         "m_pierce":"Resistant",
         "m_chop":"Ignore",
         "m_pickaxe":"Ignore",
         "m_fire":"Weak",
         "m_frost":"Normal",
         "m_lightning":"Normal",
         "m_poison":"Immune",
         "m_spirit":"Immune"
      }
   },
   "Category_Humanoid":{
      "dtAttackDamageOverride":null,
      "fAttackDamageTotalOverride":null,
      "sAttackProjectileOverride":null,
      "aDefaultItems":[
         
      ],
      "aRandomWeapon":[
         
      ],
      "aRandomArmor":[
         
      ],
      "aRandomShield":[
         
      ],
      "aaRandomSets":[
         {
            "aSetItems":[
               "@1",
               "@2",
               "@3",
               "@4"
            ]
         },
         {
            "aSetItems":[
               "@1",
               "@2",
               "@3",
               "@4"
            ]
         },
         {
            "aSetItems":[
               "@5"
            ]
         }
      ],
      "aHitEffects":[
         "fx_babyseeker_hurt",
         "sfx_spider_hit"
      ],
      "aDeathEffects":[
         "fx_babyseeker_death",
         "sfx_spider_death",
         "TreeSpider_ragdoll"
      ],
      "aConsumeItemEffects":[
         
      ],
      "aAdvancedCustomAttacks":[
         {
            "sOriginalPrefabName":"treespider_leftattack",
            "sTargetAnim":"attack",
            "fAIAttackInterval":3,
            "bAIPrioritized":null,
            "dtAttackDamageOverride":{
               "fDamage":0,
               "fBlunt":0,
               "fSlash":0,
               "fPierce":60,
               "fChop":0,
               "fPickaxe":0,
               "fFire":0,
               "fFrost":0,
               "fLightning":0,
               "fPoison":0,
               "fSpirit":0
            },
            "fAttackDamageTotalOverride":null,
            "sAttackProjectileOverride":null,
            "aStartEffects":[
               "sfx_leech_attack"
            ],
            "aHitEffects":[
               "sfx_leech_hit"
            ],
            "aTriggerEffects":null
         },
         {
            "sOriginalPrefabName":"treespider_rightattack",
            "sTargetAnim":"attack1",
            "fAIAttackInterval":3,
            "bAIPrioritized":null,
            "dtAttackDamageOverride":{
               "fDamage":0,
               "fBlunt":0,
               "fSlash":0,
               "fPierce":60,
               "fChop":0,
               "fPickaxe":0,
               "fFire":0,
               "fFrost":0,
               "fLightning":0,
               "fPoison":0,
               "fSpirit":0
            },
            "fAttackDamageTotalOverride":null,
            "sAttackProjectileOverride":null,
            "aStartEffects":[
               "sfx_leech_attack"
            ],
            "aHitEffects":[
               "sfx_leech_hit"
            ],
            "aTriggerEffects":null
         },
         {
            "sOriginalPrefabName":"spider_dodger",
            "sTargetAnim":null,
            "fAIAttackInterval":12,
            "bAIPrioritized":null,
            "dtAttackDamageOverride":{
               "fDamage":0,
               "fBlunt":0,
               "fSlash":0,
               "fPierce":0,
               "fChop":0,
               "fPickaxe":0,
               "fFire":0,
               "fFrost":0,
               "fLightning":0,
               "fPoison":0,
               "fSpirit":0
            },
            "fAttackDamageTotalOverride":null,
            "sAttackProjectileOverride":null,
            "aStartEffects":[
               "sfx_leech_attack"
            ],
            "aHitEffects":null,
            "aTriggerEffects":null
         },
         {
            "sOriginalPrefabName":"spider_dodgel",
            "sTargetAnim":null,
            "fAIAttackInterval":12,
            "bAIPrioritized":null,
            "dtAttackDamageOverride":{
               "fDamage":0,
               "fBlunt":0,
               "fSlash":0,
               "fPierce":0,
               "fChop":0,
               "fPickaxe":0,
               "fFire":0,
               "fFrost":0,
               "fLightning":0,
               "fPoison":0,
               "fSpirit":0
            },
            "fAttackDamageTotalOverride":null,
            "sAttackProjectileOverride":null,
            "aStartEffects":[
               "sfx_leech_attack"
            ],
            "aHitEffects":null,
            "aTriggerEffects":null
         },
         {
            "sOriginalPrefabName":"ML_BlueMistile_kamikaze",
            "sTargetAnim":"cast0",
            "fAIAttackInterval":3,
            "bAIPrioritized":null,
            "dtAttackDamageOverride":{
               "fDamage":0,
               "fBlunt":60,
               "fSlash":0,
               "fPierce":0,
               "fChop":0,
               "fPickaxe":0,
               "fFire":0,
               "fFrost":0,
               "fLightning":0,
               "fPoison":40,
               "fSpirit":0
            },
            "fAttackDamageTotalOverride":null,
            "sAttackProjectileOverride":null,
            "aStartEffects":[
               "sfx_leech_attack"
            ],
            "aHitEffects":[
               "sfx_leech_hit"
            ],
            "aTriggerEffects":[
               "oozebomb_explosion",
               "SeekerQueen_spithit"
            ]
         }
      ]
   },
   "Category_BaseAI":{
      "fViewRange":30,
      "fViewAngle":180,
      "fHearRange":9999,
      "aAlertedEffects":[
         "sfx_spider_alerted"
      ],
      "aIdleEffects":[
         "sfx_spider_idle"
      ],
      "fIdleEffectsInterval":5,
      "fIdleEffectsChance":0.5,
      "sPathAgentType":"HumanoidAvoidWater",
      "fRandomCircleInterval":5,
      "fRandomMoveInterval":20,
      "fRandomMoveRange":10,
      "bRandomFly":false,
      "fChanceToTakeoff":1,
      "fChanceToLand":1,
      "fGroundDuration":10,
      "fAirDuration":10,
      "fMaxLandAltitude":5,
      "fFlyAltitudeMin":3,
      "fFlyAltitudeMax":10,
      "fTakeoffTime":5,
      "bAvoidFire":true,
      "bAfraidOfFire":true,
      "bAvoidWater":true,
      "sSpawnMessage":"",
      "sDeathMessage":""
   },
   "Category_MonsterAI":{
      "fAlertRange":30,
      "bFleeIfHurtWhenTargetCantBeReached":false,
      "bFleeIfNotAlerted":false,
      "fFleeIfLowHealth":0,
      "bCirculateWhileCharging":true,
      "bCirculateWhileChargingFlying":true,
      "bEnableHuntPlayer":false,
      "bAttackPlayerObjects":true,
      "bAttackPlayerObjectsWhenAlerted":null,
      "fInterceptTimeMax":2,
      "fInterceptTimeMin":0,
      "fMaxChaseDistance":0,
      "fMinAttackInterval":0,
      "fCircleTargetInterval":0,
      "fCircleTargetDuration":2,
      "fCircleTargetDistance":6,
      "bSleeping":false,
      "bNoiseWakeup":false,
      "fNoiseRangeScale":null,
      "fWakeupRange":5,
      "aWakeupEffects":[
         
      ],
      "bAvoidLand":false,
      "aConsumeItems":[
         
      ],
      "fConsumeRange":2,
      "fConsumeSearchRange":5,
      "fConsumeSearchInterval":10,
      "fConsumeHeal":0
   },
   "Category_CharacterDrop":{
      "bReplaceOriginalDrops":true,
      "drDrops":[
         
      ]
   },
   "Category_Special":{
      "bCanTame":false,
      "bAlwaysTame":false,
      "bCommandableWhenTame":false,
      "bCanProcreateWhenTame":false,
      "bFxNoTame":false,
      "bSfxNoAlert":false,
      "bSfxNoIdle":false,
      "bSfxNoHit":false,
      "bSfxNoDeath":false
   },
   "Category_NpcOnly":null,
   "sConfigFormatVersion":"0.2.0"
}