{
   "sOriginalPrefabName" : "ML_BlueMistile_Aggressive",
   "sNewPrefabName":"MN_DarkWisp",
   "Category_Appearance":{
      "vScale":{
         "fX" : 1,
         "fY" : 1,
         "fZ" : 1
      },
      "cTintColor":null,
      "cTintItems":null,
      "cBodySmoke":null,
      "cBodyFlames":null,
      "sCustomTexture" : null
   },
   "Category_Character":{
      "sName":"Vaettir ",
      "sFaction":"Boss",
      "bBoss":false,
      "sBossEvent":"",
      "sDefeatSetGlobalKey":"",
      "fMoveSpeedMulti":2,
      "bToleratesWater":true,
      "bToleratesFire":false,
      "bToleratesSmoke":false,
      "bStaggerWhenBlocked":null,
      "fHealth":10,
      "dDamageTaken":{
         "m_blunt":"Immune",
         "m_slash":"Immune",
         "m_pierce":"Immune",
         "m_chop":"Ignore",
         "m_pickaxe":"Ignore",
         "m_fire":"Immune",
         "m_frost":"Immune",
         "m_lightning":"Normal",
         "m_poison":"Immune",
         "m_spirit":"Normal"
      }
   },
   "Category_Humanoid":{
      "dtAttackDamageOverride":null,
      "fAttackDamageTotalOverride":null,
      "sAttackProjectileOverride":null,
      "aDefaultItems":[

      ],
      "aRandomWeapon":[
         
      ],
      "aRandomArmor":[
         
      ],
      "aRandomShield":[
         
      ],
      "aaRandomSets":[
         
      ],
      "aHitEffects":[

      ],
      "aDeathEffects":[
         "fx_ML_BlueMistile_die"
      ],
      "aConsumeItemEffects":[
         
      ],
      "aAdvancedCustomAttacks":null
   },
   "Category_BaseAI":{
      "fViewRange" : 30,
      "fViewAngle" : 90,
      "fHearRange" : 30,
      "aAlertedEffects":[

      ],
      "aIdleEffects":[

      ],
      "fIdleEffectsInterval":5,
      "fIdleEffectsChance":0.5,
      "sPathAgentType":"Humanoid",
      "fRandomCircleInterval":2,
      "fRandomMoveInterval":12,
      "fRandomMoveRange":20,
      "bRandomFly":false,
      "fChanceToTakeoff":1,
      "fChanceToLand":1,
      "fGroundDuration":10,
      "fAirDuration":10,
      "fMaxLandAltitude" : 5,
      "fFlyAltitudeMin" : 2,
      "fFlyAltitudeMax" : 12,
      "fTakeoffTime":5,
      "bAvoidFire":true,
      "bAfraidOfFire":true,
      "bAvoidWater":true,
      "sSpawnMessage":"",
      "sDeathMessage":""
   },
   "Category_MonsterAI":{
 "fAlertRange" : 9999,
      "bFleeIfHurtWhenTargetCantBeReached" : true,
      "bFleeIfNotAlerted" : true,
      "fFleeIfLowHealth" : 0,
      "bCirculateWhileCharging" : false,
      "bCirculateWhileChargingFlying" : false,
      "bEnableHuntPlayer" : false,
      "bAttackPlayerObjects" : false,
      "bAttackPlayerObjectsWhenAlerted" : null,
      "fInterceptTimeMax":0,
      "fInterceptTimeMin":0,
      "fMaxChaseDistance":0,
      "fMinAttackInterval":0,
      "fCircleTargetInterval" : 0,
      "fCircleTargetDuration" : 0,
      "fCircleTargetDistance" : 0,
      "bSleeping":false,
      "bNoiseWakeup":false,
      "fNoiseRangeScale":null,
      "fWakeupRange":5,
      "aWakeupEffects":[
         
      ],
      "bAvoidLand":false,
      "aConsumeItems":[
         
      ],
      "fConsumeRange":2,
      "fConsumeSearchRange":5,
      "fConsumeSearchInterval":10,
      "fConsumeHeal":0
   },
   "Category_CharacterDrop":{
      "bReplaceOriginalDrops":true,
      "drDrops":[
         
      ]
   },
   "Category_Special":{
      "bCanTame":false,
      "bAlwaysTame":false,
      "bCommandableWhenTame":false,
      "bCanProcreateWhenTame":false,
      "bFxNoTame":false,
      "bSfxNoAlert":false,
      "bSfxNoIdle":false,
      "bSfxNoHit":false,
      "bSfxNoDeath":false
   },
   "Category_NpcOnly":null,
   "sConfigFormatVersion":"0.2.0"
}