{
   "sOriginalPrefabName":"MLNPC_Svartalfar0",
   "sNewPrefabName":"MN_Svartalfar",
   "Category_Appearance":{
      "vScale":{
         "fX":1,
         "fY":1,
         "fZ":1
      },
      "cTintColor":null,
      "cTintItems":null,
      "cBodySmoke":null,
      "cBodyFlames":null,
      "sCustomTexture":null
   },
   "Category_Character":{
      "sName":"Svartálfr",
      "sFaction":"ForestMonsters",
      "bBoss":false,
      "sBossEvent":"",
      "sDefeatSetGlobalKey":"",
      "fMoveSpeedMulti":1,
      "bToleratesWater":true,
      "bToleratesFire":false,
      "bToleratesSmoke":false,
      "bStaggerWhenBlocked":null,
      "fHealth":280,
      "dDamageTaken":{
         "m_blunt":"Normal",
         "m_slash":"Normal",
         "m_pierce":"Normal",
         "m_chop":"Ignore",
         "m_pickaxe":"Ignore",
         "m_fire":"Normal",
         "m_frost":"Normal",
         "m_lightning":"Normal",
         "m_poison":"Normal",
         "m_spirit":"Ignore"
      }
   },
   "Category_Humanoid":{
      "dtAttackDamageOverride":null,
      "fAttackDamageTotalOverride":null,
      "sAttackProjectileOverride":null,
      "aDefaultItems":[
         
      ],
      "aRandomWeapon":[
         
      ],
      "aRandomArmor":[
         
      ],
      "aRandomShield":[
         
      ],
      "aaRandomSets":[
         {
            "aSetItems":[
               "@1",
               "@2",
               "@3",
               "@5",
               "@6",
               "HelmetMage",
               "ArmorMageLegs",
               "ArmorMageChest",
               "CapeLox",
               "NPC_SwordIron_Right",
               "ShieldIronBuckler"
            ]
         },
         {
            "aSetItems":[
               "@1",
               "@2",
               "@7",
               "@4",
               "@5",
               "HelmetMage",
               "ArmorMageLegs",
               "ArmorMageChest",
               "CapeLox",
               "NPC_SwordIron_Right",
               "ShieldIronBuckler"
            ]
         },
         {
            "aSetItems":[
               "@1",
               "@7",
               "@8",
               "@9",
               "@10",
               "@11",
               "@12",
               "HelmetMage",
               "ArmorMageLegs",
               "ArmorMageChest",
               "CapeLox",
               "NPC_SwordIron_Right",
               "NPC_SwordIron_Left"
            ]
         },
         {
            "aSetItems":[
               "@13",
               "@14",
               "HelmetMage",
               "ArmorMageLegs",
               "ArmorMageChest",
               "CapeLox",
               "NPC_BowHuntsman"
            ]
         }
      ],
      "aHitEffects":[
         "vfx_blobtar_hit",
         "sfx_svartalfar_hit"
      ],
      "aDeathEffects":[
         "MLNPC_Svartalfar0_Ragdoll",
         "vfx_blobtar_death",
         "sfx_svartalfar_death"
      ],
      "aConsumeItemEffects":[
         
      ],
      "aAdvancedCustomAttacks":[
         {
            "sOriginalPrefabName":"attack_sword_right180",
            "sTargetAnim":"swing_longsword3",
            "fAIAttackInterval":2,
            "bAIPrioritized":false,
            "dtAttackDamageOverride":{
               "fDamage":0,
               "fBlunt":0,
               "fSlash":100,
               "fPierce":0,
               "fChop":0,
               "fPickaxe":0,
               "fFire":0,
               "fFrost":0,
               "fLightning":0,
               "fPoison":0,
               "fSpirit":0
            },
            "fAttackDamageTotalOverride":null,
            "sAttackProjectileOverride":null,
            "aStartEffects":[
               "sfx_svartalfar_attack",
               "sfx_sword_swing"
            ],
            "aHitEffects":[
               "sfx_sword_hit"
            ],
            "aTriggerEffects":null
         },
         {
            "sOriginalPrefabName":"attack_sword_right180",
            "sTargetAnim":"swing_axe1",
            "fAIAttackInterval":2,
            "bAIPrioritized":false,
            "dtAttackDamageOverride":{
               "fDamage":0,
               "fBlunt":0,
               "fSlash":100,
               "fPierce":0,
               "fChop":0,
               "fPickaxe":0,
               "fFire":0,
               "fFrost":0,
               "fLightning":0,
               "fPoison":0,
               "fSpirit":0
            },
            "fAttackDamageTotalOverride":null,
            "sAttackProjectileOverride":null,
            "aStartEffects":[
               "sfx_svartalfar_attack",
               "sfx_sword_swing"
            ],
            "aHitEffects":[
               "sfx_sword_hit"
            ],
            "aTriggerEffects":null
         },
         {
            "sOriginalPrefabName":"attack_sword_rightlong",
            "sTargetAnim":"battleaxe_attack1",
            "fAIAttackInterval":2,
            "bAIPrioritized":false,
            "dtAttackDamageOverride":{
               "fDamage":0,
               "fBlunt":0,
               "fSlash":100,
               "fPierce":0,
               "fChop":0,
               "fPickaxe":0,
               "fFire":0,
               "fFrost":0,
               "fLightning":0,
               "fPoison":0,
               "fSpirit":0
            },
            "fAttackDamageTotalOverride":null,
            "sAttackProjectileOverride":null,
            "aStartEffects":[
               "sfx_svartalfar_attack",
               "sfx_sword_swing"
            ],
            "aHitEffects":[
               "sfx_sword_hit"
            ],
            "aTriggerEffects":null
         },
         {
            "sOriginalPrefabName":"attack_shield",
            "sTargetAnim":"shield_bash0",
            "fAIAttackInterval":8,
            "bAIPrioritized":false,
            "dtAttackDamageOverride":{
               "fDamage":0,
               "fBlunt":80,
               "fSlash":0,
               "fPierce":0,
               "fChop":0,
               "fPickaxe":0,
               "fFire":0,
               "fFrost":0,
               "fLightning":0,
               "fPoison":0,
               "fSpirit":0
            },
            "fAttackDamageTotalOverride":null,
            "sAttackProjectileOverride":null,
            "aStartEffects":[
               "sfx_svartalfar_attack",
               "sfx_club_swing"
            ],
            "aHitEffects":[
               "vfx_clubhit",
               "vfx_HitSparks",
               "sfx_metal_shield_blocked"
            ],
            "aTriggerEffects":null
         },
         {
            "sOriginalPrefabName":"attack_shield_block",
            "sTargetAnim":"block0",
            "fAIAttackInterval":14,
            "bAIPrioritized":false,
            "dtAttackDamageOverride":{
               "fDamage":0,
               "fBlunt":0,
               "fSlash":0,
               "fPierce":0,
               "fChop":0,
               "fPickaxe":0,
               "fFire":0,
               "fFrost":0,
               "fLightning":0,
               "fPoison":0,
               "fSpirit":0
            },
            "fAttackDamageTotalOverride":null,
            "sAttackProjectileOverride":null,
            "aStartEffects":[
               
            ],
            "aHitEffects":[
               
            ],
            "aTriggerEffects":null
         },
         {
            "sOriginalPrefabName":"attack_taunt",
            "sTargetAnim":"taunt4",
            "fAIAttackInterval":22,
            "fAIAttackRangeMin":4,
            "bAIPrioritized":false,
            "dtAttackDamageOverride":{
               "fDamage":0,
               "fBlunt":0,
               "fSlash":0,
               "fPierce":0,
               "fChop":0,
               "fPickaxe":0,
               "fFire":0,
               "fFrost":0,
               "fLightning":0,
               "fPoison":0,
               "fSpirit":0
            },
            "fAttackDamageTotalOverride":null,
            "sAttackProjectileOverride":null,
            "aStartEffects":[
               "sfx_svartalfar_taunt"
            ],
            "aHitEffects":null,
            "aTriggerEffects":null
         },
         {
            "sOriginalPrefabName":"attack_sword_right180",
            "sTargetAnim":"mace_attack2",
            "fAIAttackInterval":2,
            "bAIPrioritized":false,
            "dtAttackDamageOverride":{
               "fDamage":0,
               "fBlunt":0,
               "fSlash":100,
               "fPierce":0,
               "fChop":0,
               "fPickaxe":0,
               "fFire":0,
               "fFrost":0,
               "fLightning":0,
               "fPoison":0,
               "fSpirit":0
            },
            "fAttackDamageTotalOverride":null,
            "sAttackProjectileOverride":null,
            "aStartEffects":[
               "sfx_svartalfar_attack",
               "sfx_sword_swing"
            ],
            "aHitEffects":[
               "sfx_sword_hit"
            ],
            "aTriggerEffects":null
         },
         {
            "sOriginalPrefabName":"attack_sword_left180",
            "sTargetAnim":"dual0",
            "fAIAttackInterval":2,
            "bAIPrioritized":false,
            "dtAttackDamageOverride":{
               "fDamage":0,
               "fBlunt":0,
               "fSlash":100,
               "fPierce":0,
               "fChop":0,
               "fPickaxe":0,
               "fFire":0,
               "fFrost":0,
               "fLightning":0,
               "fPoison":0,
               "fSpirit":0
            },
            "fAttackDamageTotalOverride":null,
            "sAttackProjectileOverride":null,
            "aStartEffects":[
               "sfx_svartalfar_attack",
               "sfx_sword_swing"
            ],
            "aHitEffects":[
               "sfx_sword_hit"
            ],
            "aTriggerEffects":null
         },
         {
            "sOriginalPrefabName":"attack_sword_left180",
            "sTargetAnim":"dual2",
            "fAIAttackInterval":2,
            "bAIPrioritized":false,
            "dtAttackDamageOverride":{
               "fDamage":0,
               "fBlunt":0,
               "fSlash":100,
               "fPierce":0,
               "fChop":0,
               "fPickaxe":0,
               "fFire":0,
               "fFrost":0,
               "fLightning":0,
               "fPoison":0,
               "fSpirit":0
            },
            "fAttackDamageTotalOverride":null,
            "sAttackProjectileOverride":null,
            "aStartEffects":[
               "sfx_svartalfar_attack",
               "sfx_sword_swing"
            ],
            "aHitEffects":[
               "sfx_sword_hit"
            ],
            "aTriggerEffects":null
         },
         {
            "sOriginalPrefabName":"attack_sword_dualcombo",
            "sTargetAnim":"dual_double2",
            "fAIAttackInterval":8,
            "bAIPrioritized":false,
            "dtAttackDamageOverride":{
               "fDamage":0,
               "fBlunt":0,
               "fSlash":100,
               "fPierce":0,
               "fChop":0,
               "fPickaxe":0,
               "fFire":0,
               "fFrost":0,
               "fLightning":0,
               "fPoison":0,
               "fSpirit":0
            },
            "fAttackDamageTotalOverride":null,
            "sAttackProjectileOverride":null,
            "aStartEffects":[
               "sfx_svartalfar_attack",
               "sfx_sword_swing"
            ],
            "aHitEffects":[
               "sfx_sword_hit"
            ],
            "aTriggerEffects":null
         },
         {
            "sOriginalPrefabName":"attack_knife_secondary",
            "sTargetAnim":"knife_secondary0",
            "fAIAttackInterval":14,
            "bAIPrioritized":false,
            "dtAttackDamageOverride":{
               "fDamage":0,
               "fBlunt":0,
               "fSlash":100,
               "fPierce":0,
               "fChop":0,
               "fPickaxe":0,
               "fFire":0,
               "fFrost":0,
               "fLightning":0,
               "fPoison":0,
               "fSpirit":0
            },
            "fAttackDamageTotalOverride":null,
            "sAttackProjectileOverride":null,
            "aStartEffects":[
               "sfx_svartalfar_attack",
               "sfx_sword_swing"
            ],
            "aHitEffects":[
               "sfx_sword_hit"
            ],
            "aTriggerEffects":null
         },
         {
            "sOriginalPrefabName":"attack_taunt",
            "sTargetAnim":"taunt2",
            "fAIAttackInterval":22,
            "fAIAttackRangeMin":4,
            "bAIPrioritized":false,
            "dtAttackDamageOverride":{
               "fDamage":0,
               "fBlunt":0,
               "fSlash":0,
               "fPierce":0,
               "fChop":0,
               "fPickaxe":0,
               "fFire":0,
               "fFrost":0,
               "fLightning":0,
               "fPoison":0,
               "fSpirit":0
            },
            "fAttackDamageTotalOverride":null,
            "sAttackProjectileOverride":null,
            "aStartEffects":[
               "sfx_svartalfar_taunt"
            ],
            "aHitEffects":null,
            "aTriggerEffects":null
         },
         {
            "sOriginalPrefabName":"attack_bow",
            "sTargetAnim":"bow_fire",
            "fAIAttackInterval":4,
            "fAIAttackRangeMin":4,
            "bAIPrioritized":true,
            "dtAttackDamageOverride":{
               "fDamage":0,
               "fBlunt":0,
               "fSlash":0,
               "fPierce":140,
               "fChop":0,
               "fPickaxe":0,
               "fFire":0,
               "fFrost":0,
               "fLightning":0,
               "fPoison":0,
               "fSpirit":0
            },
            "fAttackDamageTotalOverride":null,
            "sAttackProjectileOverride":"bow_projectile",
            "aStartEffects":null,
            "aHitEffects":null,
            "aTriggerEffects":null
         },
         {
            "sOriginalPrefabName":"attack_bow_stab",
            "sTargetAnim":"archer_melee0",
            "fAIAttackInterval":6,
            "bAIPrioritized":false,
            "dtAttackDamageOverride":{
               "fDamage":0,
               "fBlunt":0,
               "fSlash":0,
               "fPierce":80,
               "fChop":0,
               "fPickaxe":0,
               "fFire":0,
               "fFrost":0,
               "fLightning":0,
               "fPoison":0,
               "fSpirit":0
            },
            "fAttackDamageTotalOverride":null,
            "sAttackProjectileOverride":null,
            "aStartEffects":[
               "sfx_svartalfar_attack",
               "sfx_unarmed_swing"
            ],
            "aHitEffects":null,
            "aTriggerEffects":null
         }
      ]
   },
   "Category_BaseAI":{
      "fViewRange":30,
      "fViewAngle":90,
      "fHearRange":9999,
      "aAlertedEffects":[
         "sfx_svartalfar_alert"
      ],
      "aIdleEffects":[
         "sfx_svartalfar_idle"
      ],
      "fIdleEffectsInterval":20,
      "fIdleEffectsChance":0.25,
      "sPathAgentType":"Humanoid",
      "fRandomCircleInterval":5,
      "fRandomMoveInterval":10,
      "fRandomMoveRange":10,
      "bRandomFly":false,
      "fChanceToTakeoff":1,
      "fChanceToLand":1,
      "fGroundDuration":10,
      "fAirDuration":10,
      "fMaxLandAltitude":5,
      "fFlyAltitudeMin":3,
      "fFlyAltitudeMax":10,
      "fTakeoffTime":5,
      "bAvoidFire":false,
      "bAfraidOfFire":false,
      "bAvoidWater":false,
      "sSpawnMessage":"",
      "sDeathMessage":""
   },
   "Category_MonsterAI":{
      "fAlertRange":20,
      "bFleeIfHurtWhenTargetCantBeReached":true,
      "bFleeIfNotAlerted":false,
      "fFleeIfLowHealth":0,
      "bCirculateWhileCharging":true,
      "bCirculateWhileChargingFlying":false,
      "bEnableHuntPlayer":false,
      "bAttackPlayerObjects":true,
      "bAttackPlayerObjectsWhenAlerted":null,
      "fInterceptTimeMax":2,
      "fInterceptTimeMin":0,
      "fMaxChaseDistance":300,
      "fMinAttackInterval":0,
      "fCircleTargetInterval":0,
      "fCircleTargetDuration":2,
      "fCircleTargetDistance":6,
      "bSleeping":false,
      "bNoiseWakeup":false,
      "fNoiseRangeScale":null,
      "fWakeupRange":5,
      "aWakeupEffects":[
         
      ],
      "bAvoidLand":false,
      "aConsumeItems":[
         
      ],
      "fConsumeRange":2,
      "fConsumeSearchRange":5,
      "fConsumeSearchInterval":10,
      "fConsumeHeal":0
   },
   "Category_CharacterDrop":{
      "bReplaceOriginalDrops":true,
      "drDrops":[
         
      ]
   },
   "Category_Special":{
      "bCanTame":false,
      "bAlwaysTame":false,
      "bCommandableWhenTame":false,
      "bCanProcreateWhenTame":false,
      "bFxNoTame":false,
      "bSfxNoAlert":false,
      "bSfxNoIdle":false,
      "bSfxNoHit":false,
      "bSfxNoDeath":false
   },
   "Category_NpcOnly":null,
   "sConfigFormatVersion":"0.2.0"
}