{
   "sOriginalPrefabName":"TreeSpider",
   "sNewPrefabName":"MN_DarkSpiderMother",
   "Category_Appearance":{
      "vScale":{
         "fX":2.5,
         "fY":2.5,
         "fZ":2.5
      },
      "cTintColor":null,
      "cTintItems":null,
      "cBodySmoke":null,
      "cBodyFlames":null,
      "sCustomTexture":"MN_DarkMother"
   },
   "Category_Character":{
      "sName":"Arachnid BroodMother",
      "sFaction":"ForestMonsters",
      "bBoss":false,
      "sBossEvent":"",
      "sDefeatSetGlobalKey":"",
      "fMoveSpeedMulti":0.8,
      "bToleratesWater":true,
      "bToleratesFire":false,
      "bToleratesSmoke":false,
      "bStaggerWhenBlocked":false,
      "fHealth":1200,
      "dDamageTaken":{
         "m_blunt":"Normal",
         "m_slash":"Resistant",
         "m_pierce":"Resistant",
         "m_chop":"Ignore",
         "m_pickaxe":"Ignore",
         "m_fire":"Weak",
         "m_frost":"Normal",
         "m_lightning":"Normal",
         "m_poison":"Immune",
         "m_spirit":"Immune"
      }
   },
   "Category_Humanoid":{
      "dtAttackDamageOverride":null,
      "fAttackDamageTotalOverride":null,
      "sAttackProjectileOverride":null,
      "aDefaultItems":[
         "@1",
         "@2",
         "@3",
         "@4"
      ],
      "aRandomWeapon":[
         
      ],
      "aRandomArmor":[
         
      ],
      "aRandomShield":[
         
      ],
      "aaRandomSets":[
         
      ],
      "aHitEffects":[
         "fx_babyseeker_death",
         "sfx_spider_hit"
      ],
      "aDeathEffects":[
         "SeekerQueen_spithit",
         "fx_jelly_pickup",
         "fx_babyseeker_death",
         "sfx_spider_death",
         "TreeSpider_ragdoll"
      ],
      "aConsumeItemEffects":[
         
      ],
      "aAdvancedCustomAttacks":[
         {
            "sOriginalPrefabName":"troll_groundslam",
            "sTargetAnim":"attack",
            "fAIAttackInterval":8,
            "bAIPrioritized":null,
            "dtAttackDamageOverride":{
               "fDamage":0,
               "fBlunt":120,
               "fSlash":0,
               "fPierce":0,
               "fChop":100,
               "fPickaxe":100,
               "fFire":0,
               "fFrost":0,
               "fLightning":0,
               "fPoison":0,
               "fSpirit":0
            },
            "fAttackDamageTotalOverride":null,
            "sAttackProjectileOverride":null,
            "bBlockable":false,
            "aStartEffects":[
               "sfx_leech_attack"
            ],
            "aHitEffects":[

            ],
            "aTriggerEffects":[
               "fx_goblinbrute_groundslam"
            ]
         },
         {
            "sOriginalPrefabName":"troll_groundslam",
            "sTargetAnim":"attack1",
            "fAIAttackInterval":8,
            "bAIPrioritized":null,
            "dtAttackDamageOverride":{
               "fDamage":0,
               "fBlunt":120,
               "fSlash":0,
               "fPierce":0,
               "fChop":100,
               "fPickaxe":100,
               "fFire":0,
               "fFrost":0,
               "fLightning":0,
               "fPoison":0,
               "fSpirit":0
            },
            "fAttackDamageTotalOverride":null,
            "sAttackProjectileOverride":null,
            "bBlockable":false,
            "aStartEffects":[
               "sfx_leech_attack"
            ],
            "aHitEffects":[

            ],
            "aTriggerEffects":[
               "fx_goblinbrute_groundslam"
            ]
         },
         {
            "sOriginalPrefabName":"dragon_bite",
            "sTargetAnim":"attack2",
            "fAIAttackInterval":12,
            "bAIPrioritized":null,
            "dtAttackDamageOverride":{
               "fDamage":0,
               "fBlunt":0,
               "fSlash":80,
               "fPierce":0,
               "fChop":0,
               "fPickaxe":0,
               "fFire":0,
               "fFrost":0,
               "fLightning":0,
               "fPoison":50,
               "fSpirit":0
            },
            "fAttackDamageTotalOverride":null,
            "sAttackProjectileOverride":null,
            "aStartEffects":[
               "sfx_tick_attack_jump"
            ],
            "aHitEffects":null,
            "aTriggerEffects":null
         },
         {
            "sOriginalPrefabName":"DvergerStaffHeal_heal",
            "sTargetAnim":"cast0",
            "fAIAttackInterval":28,
            "bAIPrioritized":true,
            "dtAttackDamageOverride":{
               "fDamage":0,
               "fBlunt":0,
               "fSlash":0,
               "fPierce":0,
               "fChop":0,
               "fPickaxe":0,
               "fFire":0,
               "fFrost":0,
               "fLightning":0,
               "fPoison":0,
               "fSpirit":0
            },
            "fAttackDamageTotalOverride":null,
            "sAttackProjectileOverride":null,
            "bBlockable":false,
            "aStartEffects":[
               "sfx_HiveQueen_alerted"
            ],
            "aHitEffects":null,
            "aTriggerEffects":[
               "bonemass_aoe",
               "oozebomb_explosion"
            ]
         }
      ]
   },
   "Category_BaseAI":{
      "fViewRange":30,
      "fViewAngle":180,
      "fHearRange":9999,
      "aAlertedEffects":[
         "sfx_spider_alerted"
      ],
      "aIdleEffects":[
         "sfx_spider_idle"
      ],
      "fIdleEffectsInterval":5,
      "fIdleEffectsChance":0.5,
      "sPathAgentType":"HumanoidBig",
      "fRandomCircleInterval":5,
      "fRandomMoveInterval":10,
      "fRandomMoveRange":10,
      "bRandomFly":false,
      "fChanceToTakeoff":1,
      "fChanceToLand":1,
      "fGroundDuration":10,
      "fAirDuration":10,
      "fMaxLandAltitude":5,
      "fFlyAltitudeMin":3,
      "fFlyAltitudeMax":10,
      "fTakeoffTime":5,
      "bAvoidFire":false,
      "bAfraidOfFire":false,
      "bAvoidWater":true,
      "sSpawnMessage":"",
      "sDeathMessage":""
   },
   "Category_MonsterAI":{
      "fAlertRange":30,
      "bFleeIfHurtWhenTargetCantBeReached":false,
      "bFleeIfNotAlerted":false,
      "fFleeIfLowHealth":0,
      "bCirculateWhileCharging":true,
      "bCirculateWhileChargingFlying":true,
      "bEnableHuntPlayer":false,
      "bAttackPlayerObjects":true,
      "bAttackPlayerObjectsWhenAlerted":true,
      "fInterceptTimeMax":0,
      "fInterceptTimeMin":0,
      "fMaxChaseDistance":0,
      "fMinAttackInterval":2,
      "fCircleTargetInterval":0,
      "fCircleTargetDuration":6,
      "fCircleTargetDistance":6,
      "bSleeping":false,
      "bNoiseWakeup":false,
      "fNoiseRangeScale":null,
      "fWakeupRange":5,
      "aWakeupEffects":[
         
      ],
      "bAvoidLand":false,
      "aConsumeItems":[
         
      ],
      "fConsumeRange":2,
      "fConsumeSearchRange":5,
      "fConsumeSearchInterval":10,
      "fConsumeHeal":0
   },
   "Category_CharacterDrop":{
      "bReplaceOriginalDrops":true,
      "drDrops":[
         
      ]
   },
   "Category_Special":{
      "bCanTame":false,
      "bAlwaysTame":false,
      "bCommandableWhenTame":false,
      "bCanProcreateWhenTame":false,
      "bFxNoTame":false,
      "bSfxNoAlert":false,
      "bSfxNoIdle":false,
      "bSfxNoHit":false,
      "bSfxNoDeath":false
   },
   "Category_NpcOnly":null,
   "sConfigFormatVersion":"0.2.0"
}