{
   "sOriginalPrefabName":"MLNPC_Svartalfar0",
   "sNewPrefabName":"MN_SvartalfarMage",
   "Category_Appearance":{
      "vScale":{
         "fX":1,
         "fY":1,
         "fZ":1
      },
      "cTintColor":null,
      "cTintItems":null,
      "cBodySmoke":null,
      "cBodyFlames":null,
      "sCustomTexture":"MN_SvartalfarMage"
   },
   "Category_Character":{
      "sName":"Svartálfr Witch",
      "sFaction":"ForestMonsters",
      "bBoss":false,
      "sBossEvent":"",
      "sDefeatSetGlobalKey":"",
      "fMoveSpeedMulti":1,
      "bToleratesWater":true,
      "bToleratesFire":false,
      "bToleratesSmoke":false,
      "bStaggerWhenBlocked":false,
      "fHealth":280,
      "dDamageTaken":{
         "m_blunt":"Normal",
         "m_slash":"Normal",
         "m_pierce":"Normal",
         "m_chop":"Ignore",
         "m_pickaxe":"Ignore",
         "m_fire":"Normal",
         "m_frost":"Normal",
         "m_lightning":"Normal",
         "m_poison":"Normal",
         "m_spirit":"Ignore"
      }
   },
   "Category_Humanoid":{
      "dtAttackDamageOverride":null,
      "fAttackDamageTotalOverride":null,
      "sAttackProjectileOverride":null,
      "aDefaultItems":[
         "@1",
         "@2",
         "@3",
         "HelmetMage",
         "ArmorMageLegs",
         "ArmorMageChest",
         "CapeLox"
      ],
      "aRandomWeapon":[
         
      ],
      "aRandomArmor":[
         
      ],
      "aRandomShield":[
         
      ],
      "aaRandomSets":[
         
      ],
      "aHitEffects":[
         "vfx_blobtar_hit",
         "sfx_svartalfar_hit"
      ],
      "aDeathEffects":[
         "MLNPC_Svartalfar0_Ragdoll",
         "vfx_blobtar_death",
         "sfx_svartalfar_death"
      ],
      "aConsumeItemEffects":[
         
      ],
      "aAdvancedCustomAttacks":[
         {
            "sOriginalPrefabName":"dragon_claw_right",
            "sTargetAnim":"cast10",
            "fAIAttackInterval":6,
            "bAIPrioritized":null,
            "bBlockable":false,
            "dtAttackDamageOverride":{
               "fDamage":0,
               "fBlunt":40,
               "fSlash":0,
               "fPierce":0,
               "fChop":0,
               "fPickaxe":0,
               "fFire":0,
               "fFrost":0,
               "fLightning":80,
               "fPoison":0,
               "fSpirit":0
            },
            "fAttackDamageTotalOverride":null,
            "sAttackProjectileOverride":null,
            "aStartEffects":[
               "sfx_svartalfar_attack"
            ],
            "aHitEffects":[
               "fx_Abomination_attack2",
               "fx_himminafl_hit"
            ],
            "aTriggerEffects":null
         },
         {
            "sOriginalPrefabName":"dragon_claw_left",
            "sTargetAnim":"cast10",
            "fAIAttackInterval":6,
            "bAIPrioritized":null,
            "bBlockable":false,
            "dtAttackDamageOverride":{
               "fDamage":0,
               "fBlunt":40,
               "fSlash":0,
               "fPierce":0,
               "fChop":0,
               "fPickaxe":0,
               "fFire":0,
               "fFrost":0,
               "fLightning":80,
               "fPoison":0,
               "fSpirit":0
            },
            "fAttackDamageTotalOverride":null,
            "sAttackProjectileOverride":null,
            "aStartEffects":[
               "sfx_svartalfar_attack"
            ],
            "aHitEffects":[
               "fx_Abomination_attack2",
               "fx_himminafl_hit"
            ],
            "aTriggerEffects":null
         },
         {
            "sOriginalPrefabName":"Eikthyr_stomp",
            "sTargetAnim":"cast5",
            "fAIAttackInterval":10,
            "bAIPrioritized":null,
            "bBlockable":false,
            "dtAttackDamageOverride":{
               "fDamage":0,
               "fBlunt":60,
               "fSlash":0,
               "fPierce":0,
               "fChop":0,
               "fPickaxe":0,
               "fFire":0,
               "fFrost":0,
               "fLightning":140,
               "fPoison":0,
               "fSpirit":0
            },
            "fAttackDamageTotalOverride":null,
            "sAttackProjectileOverride":null,
            "aStartEffects":[
               "sfx_svartalfar_alert",
               "fx_eikthyr_stomp"
            ],
            "aHitEffects":null,
            "aTriggerEffects":[
               
            ]
         }
      ]
   },
   "Category_BaseAI":{
      "fViewRange":30,
      "fViewAngle":90,
      "fHearRange":9999,
      "aAlertedEffects":[
         "sfx_svartalfar_alert"
      ],
      "aIdleEffects":[
         "sfx_svartalfar_idle"
      ],
      "fIdleEffectsInterval":20,
      "fIdleEffectsChance":0.25,
      "sPathAgentType":"Humanoid",
      "fRandomCircleInterval":5,
      "fRandomMoveInterval":10,
      "fRandomMoveRange":10,
      "bRandomFly":false,
      "fChanceToTakeoff":1,
      "fChanceToLand":1,
      "fGroundDuration":10,
      "fAirDuration":10,
      "fMaxLandAltitude":5,
      "fFlyAltitudeMin":3,
      "fFlyAltitudeMax":10,
      "fTakeoffTime":5,
      "bAvoidFire":false,
      "bAfraidOfFire":false,
      "bAvoidWater":false,
      "sSpawnMessage":"",
      "sDeathMessage":""
   },
   "Category_MonsterAI":{
      "fAlertRange":20,
      "bFleeIfHurtWhenTargetCantBeReached":true,
      "bFleeIfNotAlerted":false,
      "fFleeIfLowHealth":0,
      "bCirculateWhileCharging":true,
      "bCirculateWhileChargingFlying":false,
      "bEnableHuntPlayer":false,
      "bAttackPlayerObjects":true,
      "bAttackPlayerObjectsWhenAlerted":null,
      "fInterceptTimeMax":2,
      "fInterceptTimeMin":0,
      "fMaxChaseDistance":0,
      "fMinAttackInterval":4,
      "fCircleTargetInterval":0,
      "fCircleTargetDuration":2,
      "fCircleTargetDistance":6,
      "bSleeping":false,
      "bNoiseWakeup":false,
      "fNoiseRangeScale":null,
      "fWakeupRange":5,
      "aWakeupEffects":[
         
      ],
      "bAvoidLand":false,
      "aConsumeItems":[
         
      ],
      "fConsumeRange":2,
      "fConsumeSearchRange":5,
      "fConsumeSearchInterval":10,
      "fConsumeHeal":0
   },
   "Category_CharacterDrop":{
      "bReplaceOriginalDrops":true,
      "drDrops":[
         
      ]
   },
   "Category_Special":{
      "bCanTame":false,
      "bAlwaysTame":false,
      "bCommandableWhenTame":false,
      "bCanProcreateWhenTame":false,
      "bFxNoTame":false,
      "bSfxNoAlert":false,
      "bSfxNoIdle":false,
      "bSfxNoHit":false,
      "bSfxNoDeath":false
   },
   "Category_NpcOnly":null,
   "sConfigFormatVersion":"0.2.0"
}