{
   "sOriginalPrefabName":"Dragon",
   "sNewPrefabName":"MN_AshDragon",
   "Category_Appearance":{
      "vScale":{
         "fX":0.6,
         "fY":0.6,
         "fZ":0.6
      },
      "cTintColor":null,
      "cTintItems":null,
      "cBodySmoke":{
         "fRed":0.01,
         "fGreen":0.01,
         "fBlue":0.01
      },
      "cBodyFlames":null,
      "sCustomTexture":"MN_AshDragon"
   },
   "Category_Character":{
      "sName":"Fire-breathing Drake",
      "sFaction":"Demon",
      "bBoss":false,
      "sBossEvent":"",
      "sDefeatSetGlobalKey":"",
      "fMoveSpeedMulti":1,
      "bToleratesWater":true,
      "bToleratesFire":true,
      "bToleratesSmoke":true,
      "bStaggerWhenBlocked":false,
      "fHealth":1850,
      "dDamageTaken":{
         "m_blunt":"Normal",
         "m_slash":"Normal",
         "m_pierce":"Normal",
         "m_chop":"Ignore",
         "m_pickaxe":"Ignore",
         "m_fire":"Immune",
         "m_frost":"Weak",
         "m_lightning":"Normal",
         "m_poison":"Normal",
         "m_spirit":"Immune"
      }
   },
   "Category_Humanoid":{
      "dtAttackDamageOverride":null,
      "fAttackDamageTotalOverride":null,
      "sAttackProjectileOverride":null,
      "aDefaultItems":[
         "@1",
         "@2",
         "@3",
         "@4",
         "@5",
         "@6"
      ],
      "aRandomWeapon":[
         
      ],
      "aRandomArmor":[
         
      ],
      "aRandomShield":[
         
      ],
      "aaRandomSets":[
         
      ],
      "aHitEffects":[
         "fx_babyseeker_death",
         "sfx_dragon_hurt"
      ],
      "aDeathEffects":[
         "fx_Queen_Death",
         "sfx_dragon_death"
      ],
      "aConsumeItemEffects":[
         
      ],
      "aAdvancedCustomAttacks":[
         {
            "sOriginalPrefabName":"troll_groundslam",
            "sTargetAnim":"attack_claw_left",
            "fAIAttackInterval":8,
            "bAIPrioritized":null,
            "dtAttackDamageOverride":{
               "fDamage":0,
               "fBlunt":0,
               "fSlash":120,
               "fPierce":0,
               "fChop":50,
               "fPickaxe":50,
               "fFire":0,
               "fFrost":0,
               "fLightning":0,
               "fPoison":0,
               "fSpirit":0
            },
            "fAttackDamageTotalOverride":null,
            "sAttackProjectileOverride":null,
            "aStartEffects":[
               "sfx_dragon_melee_start"
            ],
            "aHitEffects":[
               "fx_dragon_land"
            ],
            "aTriggerEffects":null
         },
         {
            "sOriginalPrefabName":"troll_groundslam",
            "sTargetAnim":"attack_claw_right",
            "fAIAttackInterval":8,
            "bAIPrioritized":null,
            "dtAttackDamageOverride":{
               "fDamage":0,
               "fBlunt":0,
               "fSlash":120,
               "fPierce":0,
               "fChop":50,
               "fPickaxe":50,
               "fFire":0,
               "fFrost":0,
               "fLightning":0,
               "fPoison":0,
               "fSpirit":0
            },
            "fAttackDamageTotalOverride":null,
            "sAttackProjectileOverride":null,
            "aStartEffects":[
               "sfx_dragon_melee_start"
            ],
            "aHitEffects":[
               "fx_dragon_land"
            ],
            "aTriggerEffects":null
         },
         {
            "sOriginalPrefabName":"dragon_bite",
            "sTargetAnim":"attack_bite",
            "fAIAttackInterval":10,
            "bAIPrioritized":null,
            "dtAttackDamageOverride":{
               "fDamage":0,
               "fBlunt":0,
               "fSlash":160,
               "fPierce":0,
               "fChop":0,
               "fPickaxe":0,
               "fFire":0,
               "fFrost":0,
               "fLightning":0,
               "fPoison":0,
               "fSpirit":0
            },
            "fAttackDamageTotalOverride":null,
            "sAttackProjectileOverride":null,
            "aStartEffects":[
               "sfx_dragon_melee_start"
            ],
            "aHitEffects":[
               "fx_dragon_land",
               "sfx_dragon_melee_hit"
            ],
            "aTriggerEffects":null
         },
         {
            "sOriginalPrefabName":"Fenring_attack_flames",
            "sTargetAnim":"attack_breath",
            "fAIAttackInterval":22,
            "fAIAttackRangeMin":2,
            "bAIPrioritized":true,
            "bBlockable":false,
            "dtAttackDamageOverride":{
               "fDamage":0,
               "fBlunt":40,
               "fSlash":0,
               "fPierce":0,
               "fChop":0,
               "fPickaxe":0,
               "fFire":100,
               "fFrost":0,
               "fLightning":0,
               "fPoison":0,
               "fSpirit":0
            },
            "fAttackDamageTotalOverride":null,
            "sAttackProjectileOverride":null,
            "aStartEffects":[
               "fx_DvergerMage_Fire_hit",
               "fx_fenring_flames",
               "sfx_dragon_coldbreath_start"
            ],
            "aHitEffects":null,
            "aTriggerEffects":null
         },
         {
            "sOriginalPrefabName":"dragon_spit_shotgun",
            "sTargetAnim":"attack_iceball",
            "fAIAttackInterval":6,
            "fAIAttackRangeMin":8,
            "bAIPrioritized":null,
            "bBlockable":false,
            "dtAttackDamageOverride":{
               "fDamage":0,
               "fBlunt":60,
               "fSlash":0,
               "fPierce":0,
               "fChop":110,
               "fPickaxe":110,
               "fFire":100,
               "fFrost":0,
               "fLightning":0,
               "fPoison":0,
               "fSpirit":0
            },
            "fAttackDamageTotalOverride":null,
            "sAttackProjectileOverride":"DvergerStaffFire_clusterbomb_projectile",
            "aStartEffects":[
               "sfx_dragon_scream"
            ],
            "aHitEffects":null,
            "aTriggerEffects":[
               "fx_fireball_staff_explosion"
            ]
         },
         {
            "sOriginalPrefabName":"dragon_taunt",
            "sTargetAnim":"attack_taunt",
            "fAIAttackInterval":28,
            "bAIPrioritized":null,
            "dtAttackDamageOverride":{
               "fDamage":0,
               "fBlunt":0,
               "fSlash":0,
               "fPierce":0,
               "fChop":0,
               "fPickaxe":0,
               "fFire":0,
               "fFrost":0,
               "fLightning":0,
               "fPoison":0,
               "fSpirit":0
            },
            "fAttackDamageTotalOverride":null,
            "sAttackProjectileOverride":null,
            "aStartEffects":[
               "sfx_dragon_scream"
            ],
            "aHitEffects":null,
            "aTriggerEffects":[
               
            ]
         }
      ]
   },
   "Category_BaseAI":{
      "fViewRange":60,
      "fViewAngle":90,
      "fHearRange":9999,
      "aAlertedEffects":[
         "sfx_dragon_alerted"
      ],
      "aIdleEffects":[
         "sfx_dragon_idle"
      ],
      "fIdleEffectsInterval":5,
      "fIdleEffectsChance":0.5,
      "sPathAgentType":"HugeSize",
      "fRandomCircleInterval":5,
      "fRandomMoveInterval":10,
      "fRandomMoveRange":35,
      "bRandomFly":true,
      "fChanceToTakeoff":1,
      "fChanceToLand":1,
      "fGroundDuration":40,
      "fAirDuration":40,
      "fMaxLandAltitude":12,
      "fFlyAltitudeMin":10,
      "fFlyAltitudeMax":20,
      "fTakeoffTime":10,
      "bAvoidFire":false,
      "bAfraidOfFire":false,
      "bAvoidWater":true,
      "sSpawnMessage":"",
      "sDeathMessage":""
   },
   "Category_MonsterAI":{
      "fAlertRange":30,
      "bFleeIfHurtWhenTargetCantBeReached":false,
      "bFleeIfNotAlerted":false,
      "fFleeIfLowHealth":0,
      "bCirculateWhileCharging":false,
      "bCirculateWhileChargingFlying":true,
      "bEnableHuntPlayer":false,
      "bAttackPlayerObjects":true,
      "bAttackPlayerObjectsWhenAlerted":null,
      "fInterceptTimeMax":0,
      "fInterceptTimeMin":0,
      "fMaxChaseDistance":0,
      "fMinAttackInterval":4,
      "fCircleTargetInterval":0,
      "fCircleTargetDuration":5,
      "fCircleTargetDistance":10,
      "bSleeping":false,
      "bNoiseWakeup":false,
      "fNoiseRangeScale":null,
      "fWakeupRange":5,
      "aWakeupEffects":[
         
      ],
      "bAvoidLand":false,
      "aConsumeItems":[
         
      ],
      "fConsumeRange":2,
      "fConsumeSearchRange":5,
      "fConsumeSearchInterval":10,
      "fConsumeHeal":0
   },
   "Category_CharacterDrop":{
      "bReplaceOriginalDrops":true,
      "drDrops":[
         
      ]
   },
   "Category_Special":{
      "bCanTame":false,
      "bAlwaysTame":false,
      "bCommandableWhenTame":false,
      "bCanProcreateWhenTame":false,
      "bFxNoTame":false,
      "bSfxNoAlert":false,
      "bSfxNoIdle":false,
      "bSfxNoHit":false,
      "bSfxNoDeath":false
   },
   "Category_NpcOnly":null,
   "sConfigFormatVersion":"0.2.0"
}