{
   "sOriginalPrefabName":"NormalSkeletonWarrior",
   "sNewPrefabName":"MN_AshSkeletonMage",
   "Category_Appearance":{
      "vScale":{
         "fX":1.2,
         "fY":1.2,
         "fZ":1.2
      },
      "cTintColor":null,
      "cTintItems":null,
      "cBodySmoke":null,
      "cBodyFlames":{
         "fRed":0.05,
         "fGreen":0.05,
         "fBlue":0.05
      },
      "sCustomTexture":"MN_AshSkeleton"
   },
   "Category_Character":{
      "sName":"Charred Priest",
      "sFaction":"Undead",
      "bBoss":false,
      "sBossEvent":"",
      "sDefeatSetGlobalKey":"",
      "fMoveSpeedMulti":1,
      "bToleratesWater":true,
      "bToleratesFire":true,
      "bToleratesSmoke":true,
      "bStaggerWhenBlocked":false,
      "fHealth":320,
      "dDamageTaken":{
         "m_blunt":"Weak",
         "m_slash":"Normal",
         "m_pierce":"Resistant",
         "m_chop":"Ignore",
         "m_pickaxe":"Ignore",
         "m_fire":"Immune",
         "m_frost":"Resistant",
         "m_lightning":"Normal",
         "m_poison":"Immune",
         "m_spirit":"Normal"
      }
   },
   "Category_Humanoid":{
      "dtAttackDamageOverride":null,
      "fAttackDamageTotalOverride":null,
      "sAttackProjectileOverride":null,
      "aDefaultItems":[
         "@1",
         "@2",
         "@3",
         "ArmorMageLegs",
         "ArmorMageChest",
         "CapeLinen"
      ],
      "aRandomWeapon":[
         
      ],
      "aRandomArmor":[
         
      ],
      "aRandomShield":[
         
      ],
      "aaRandomSets":[
         
      ],
      "aHitEffects":[
         "vfx_skeleton_hit",
         "vfx_blobtar_hit",
         "sfx_skeleton_hit"
      ],
      "aDeathEffects":[
         "vfx_skeleton_death",
         "vfx_blobtar_hit",
         "sfx_skeleton_death"
      ],
      "aConsumeItemEffects":[
         
      ],
      "aAdvancedCustomAttacks":[
         {
            "sOriginalPrefabName":"DvergerStaffFire_fireball",
            "sTargetAnim":"cast10",
            "fAIAttackInterval":6,
            "bAIPrioritized":null,
            "bBlockable":false,
            "dtAttackDamageOverride":{
               "fDamage":0,
               "fBlunt":1,
               "fSlash":0,
               "fPierce":0,
               "fChop":0,
               "fPickaxe":0,
               "fFire":10,
               "fFrost":0,
               "fLightning":0,
               "fPoison":0,
               "fSpirit":0
            },
            "fAttackDamageTotalOverride":null,
            "sAttackProjectileOverride":"staff_fireball_projectile",
            "sAttackStatusEffect":"Tared",
            "aStartEffects":null,
            "aHitEffects":null,
            "aTriggerEffects":[
               "sfx_skeleton_attack",
               "sfx_firestaff_launch"
            ]
         },
         {
            "sOriginalPrefabName":"blobtar_attack",
            "sTargetAnim":"cast10",
            "fAIAttackInterval":12,
            "bAIPrioritized":null,
            "bBlockable":false,
            "dtAttackDamageOverride":{
               "fDamage":0,
               "fBlunt":1,
               "fSlash":0,
               "fPierce":0,
               "fChop":0,
               "fPickaxe":0,
               "fFire":10,
               "fFrost":0,
               "fLightning":0,
               "fPoison":0,
               "fSpirit":0
            },
            "fAttackDamageTotalOverride":null,
            "sAttackProjectileOverride":"DvergerStaffFire_clusterbomb_projectile",
            "aStartEffects":null,
            "aHitEffects":[
               
            ],
            "aTriggerEffects":[
               "sfx_skeleton_attack",
               "sfx_firestaff_launch",
               "DvergerStaffFire_clusterbomb_aoe"
            ]
         },
         {
            "sOriginalPrefabName":"Eikthyr_stomp",
            "sTargetAnim":"cast5",
            "fAIAttackInterval":10,
            "bAIPrioritized":null,
            "bBlockable":false,
            "dtAttackDamageOverride":{
               "fDamage":0,
               "fBlunt":1,
               "fSlash":0,
               "fPierce":0,
               "fChop":0,
               "fPickaxe":0,
               "fFire":10,
               "fFrost":0,
               "fLightning":0,
               "fPoison":0,
               "fSpirit":0
            },
            "fAttackDamageTotalOverride":null,
            "sAttackProjectileOverride":null,
            "aStartEffects":[
               "sfx_skeleton_alerted",
               "DvergerStaffFire_fire_aoe"
            ],
            "aHitEffects":null,
            "aTriggerEffects":[
               
            ]
         }
      ]
   },
   "Category_BaseAI":{
      "fViewRange":30,
      "fViewAngle":90,
      "fHearRange":9999,
      "aAlertedEffects":[
         "sfx_skeleton_alerted"
      ],
      "aIdleEffects":[
         "sfx_skeleton_idle"
      ],
      "fIdleEffectsInterval":10,
      "fIdleEffectsChance":0.5,
      "sPathAgentType":"Humanoid",
      "fRandomCircleInterval":2,
      "fRandomMoveInterval":20,
      "fRandomMoveRange":15,
      "bRandomFly":false,
      "fChanceToTakeoff":1,
      "fChanceToLand":1,
      "fGroundDuration":10,
      "fAirDuration":10,
      "fMaxLandAltitude":5,
      "fFlyAltitudeMin":3,
      "fFlyAltitudeMax":10,
      "fTakeoffTime":5,
      "bAvoidFire":false,
      "bAfraidOfFire":false,
      "bAvoidWater":false,
      "sSpawnMessage":"",
      "sDeathMessage":""
   },
   "Category_MonsterAI":{
      "fAlertRange":20,
      "bFleeIfHurtWhenTargetCantBeReached":true,
      "bFleeIfNotAlerted":false,
      "fFleeIfLowHealth":0,
      "bCirculateWhileCharging":true,
      "bCirculateWhileChargingFlying":false,
      "bEnableHuntPlayer":false,
      "bAttackPlayerObjects":true,
      "bAttackPlayerObjectsWhenAlerted":null,
      "fInterceptTimeMax":2,
      "fInterceptTimeMin":0,
      "fMaxChaseDistance":0,
      "fMinAttackInterval":0,
      "fCircleTargetInterval":0,
      "fCircleTargetDuration":2,
      "fCircleTargetDistance":6,
      "bSleeping":false,
      "bNoiseWakeup":false,
      "fNoiseRangeScale":null,
      "fWakeupRange":5,
      "aWakeupEffects":[
         
      ],
      "bAvoidLand":false,
      "aConsumeItems":[
         
      ],
      "fConsumeRange":2,
      "fConsumeSearchRange":5,
      "fConsumeSearchInterval":10,
      "fConsumeHeal":0
   },
   "Category_CharacterDrop":{
      "bReplaceOriginalDrops":true,
      "drDrops":[
         
      ]
   },
   "Category_Special":{
      "bCanTame":false,
      "bAlwaysTame":false,
      "bCommandableWhenTame":false,
      "bCanProcreateWhenTame":false,
      "bFxNoTame":false,
      "bSfxNoAlert":false,
      "bSfxNoIdle":false,
      "bSfxNoHit":false,
      "bSfxNoDeath":false
   },
   "Category_NpcOnly":null,
   "sConfigFormatVersion":"0.2.0"
}