{
   "sOriginalPrefabName":"ObsidianGolem",
   "sNewPrefabName":"MN_AshGolemBoss",
   "Category_Appearance":{
      "vScale":{
         "fX":2,
         "fY":2,
         "fZ":2
      },
      "cTintColor":null,
      "cTintItems":null,
      "cBodySmoke":{
         "fRed":2.55,
         "fGreen":1.5,
         "fBlue":0.5
      },
      "cBodyFlames":{
         "fRed":2.55,
         "fGreen":1.5,
         "fBlue":0.5
      },
      "sCustomTexture":null
   },
   "Category_Character":{
      "sName":"Eldthur",
      "sFaction":"Boss",
      "bBoss":true,
      "sBossEvent":"boss_eldthur",
      "sDefeatSetGlobalKey":"defeated_eldthur",
      "fMoveSpeedMulti":1,
      "bToleratesWater":true,
      "bToleratesFire":true,
      "bToleratesSmoke":true,
      "bStaggerWhenBlocked":false,
      "fHealth":12000,
      "dDamageTaken":{
         "m_blunt":"Normal",
         "m_slash":"Resistant",
         "m_pierce":"Resistant",
         "m_chop":"Ignore",
         "m_pickaxe":"VeryWeak",
         "m_fire":"Immune",
         "m_frost":"Immune",
         "m_lightning":"Normal",
         "m_poison":"Immune",
         "m_spirit":"Immune"
      }
   },
   "Category_Humanoid":{
      "dtAttackDamageOverride":null,
      "fAttackDamageTotalOverride":null,
      "sAttackProjectileOverride":null,
      "aDefaultItems":[
         "@1",
         "@2",
         "@3",
         "@4",
         "@5",
         "ObsidianGolem_hat",
         "ObsidianGolem_clubs"
      ],
      "aRandomWeapon":[
         
      ],
      "aRandomArmor":[
         
      ],
      "aRandomShield":[
         
      ],
      "aaRandomSets":[
         
      ],
      "aHitEffects":[
         "vfx_MarbleDestroyed",
         "vfx_blobtar_death",
         "vfx_stonegolem_hurt",
         "sfx_stonegolem_hurt"
      ],
      "aDeathEffects":[
         "DvergerStaffFire_fire_aoe",
         "ObsidianGolem_ragdoll",
         "vfx_RockDestroyed_marble",
         "sfx_stonegolem_death"
      ],
      "aConsumeItemEffects":[
         
      ],
      "aAdvancedCustomAttacks":[
         {
            "sOriginalPrefabName":"dragon_claw_right",
            "sTargetAnim":"attack",
            "fAIAttackInterval":10,
            "bAIPrioritized":null,
            "dtAttackDamageOverride":{
               "fDamage":0,
               "fBlunt":80,
               "fSlash":0,
               "fPierce":0,
               "fChop":100,
               "fPickaxe":100,
               "fFire":80,
               "fFrost":0,
               "fLightning":0,
               "fPoison":0,
               "fSpirit":0
            },
            "fAttackDamageTotalOverride":null,
            "sAttackProjectileOverride":null,
            "aStartEffects":[
               "sfx_stonegolem_primary_start"
            ],
            "aHitEffects":[
               "DvergerStaffFire_clusterbomb_aoe",
               "fx_dragon_land",
               "fx_fireball_staff_explosion"
            ],
            "aTriggerEffects":null
         },
         {
            "sOriginalPrefabName":"stonegolem_attack_doublesmash",
            "sTargetAnim":"attack2",
            "fAIAttackInterval":10,
            "bAIPrioritized":null,
            "dtAttackDamageOverride":{
               "fDamage":0,
               "fBlunt":80,
               "fSlash":0,
               "fPierce":0,
               "fChop":100,
               "fPickaxe":100,
               "fFire":80,
               "fFrost":0,
               "fLightning":0,
               "fPoison":0,
               "fSpirit":0
            },
            "fAttackDamageTotalOverride":null,
            "sAttackProjectileOverride":null,
            "aStartEffects":[
               "sfx_stonegolem_primary_start"
            ],
            "aHitEffects":[
               "DvergerStaffFire_clusterbomb_aoe",
               "fx_dragon_land",
               "fx_fireball_staff_explosion"
            ],
            "aTriggerEffects":null
         },
         {
            "sOriginalPrefabName":"stonegolem_attack_doublesmash",
            "sTargetAnim":"rage",
            "fAIAttackInterval":30,
            "bAIPrioritized":true,
            "dtAttackDamageOverride":{
               "fDamage":0,
               "fBlunt":80,
               "fSlash":0,
               "fPierce":0,
               "fChop":100,
               "fPickaxe":100,
               "fFire":80,
               "fFrost":0,
               "fLightning":0,
               "fPoison":0,
               "fSpirit":0
            },
            "fAttackDamageTotalOverride":null,
            "sAttackProjectileOverride":null,
            "aStartEffects":[
               "sfx_stonegolem_primary_start"
            ],
            "aHitEffects":[

            ],
            "aTriggerEffects":[
               "DvergerStaffFire_clusterbomb_aoe",
               "fx_dragon_land",
               "fx_fireball_staff_explosion"
            ]
         },
         {
            "sOriginalPrefabName":"dragon_bite",
            "sTargetAnim":"sonicboom",
            "fAIAttackInterval":18,
            "fAIAttackRangeMin":2,
            "bAIPrioritized":null,
            "dtAttackDamageOverride":{
               "fDamage":0,
               "fBlunt":0,
               "fSlash":0,
               "fPierce":0,
               "fChop":0,
               "fPickaxe":0,
               "fFire":120,
               "fFrost":0,
               "fLightning":0,
               "fPoison":0,
               "fSpirit":0
            },
            "fAttackDamageTotalOverride":null,
            "sAttackProjectileOverride":null,
            "aStartEffects":[
               "sfx_stonegolem_primary_start"
            ],
            "aHitEffects":[

            ],
            "aTriggerEffects":[
               "DvergerStaffFire_fire_aoe",
               "fx_dragon_land"
            ],
         },
         {
            "sOriginalPrefabName":"DvergerStaffFire_clusterbomb",
            "sTargetAnim":"attack3",
            "fAIAttackInterval":10,
            "fAIAttackRangeMin":14,
            "bAIPrioritized":null,
            "dtAttackDamageOverride":{
               "fDamage":0,
               "fBlunt":60,
               "fSlash":0,
               "fPierce":0,
               "fChop":0,
               "fPickaxe":0,
               "fFire":80,
               "fFrost":0,
               "fLightning":0,
               "fPoison":0,
               "fSpirit":0
            },
            "fAttackDamageTotalOverride":null,
            "sAttackProjectileOverride":"DvergerStaffFire_clusterbomb_projectile",
            "aStartEffects":[
               "fx_dragon_land",
               "sfx_stonegolem_primary_start"
            ],
            "aHitEffects":null,
            "aTriggerEffects":null
         }
      ]
   },
   "Category_BaseAI":{
      "fViewRange":30,
      "fViewAngle":90,
      "fHearRange":9999,
      "aAlertedEffects":[
         "sfx_stonegolem_alerted"
      ],
      "aIdleEffects":[
         "sfx_stonegolem_idle"
      ],
      "fIdleEffectsInterval":3,
      "fIdleEffectsChance":0.25,
      "sPathAgentType":"HugeSize",
      "fRandomCircleInterval":2,
      "fRandomMoveInterval":10,
      "fRandomMoveRange":10,
      "bRandomFly":false,
      "fChanceToTakeoff":1,
      "fChanceToLand":1,
      "fGroundDuration":10,
      "fAirDuration":10,
      "fMaxLandAltitude":5,
      "fFlyAltitudeMin":3,
      "fFlyAltitudeMax":10,
      "fTakeoffTime":5,
      "bAvoidFire":false,
      "bAfraidOfFire":false,
      "bAvoidWater":true,
      "sSpawnMessage":"",
      "sDeathMessage":""
   },
   "Category_MonsterAI":{
      "fAlertRange":45,
      "bFleeIfHurtWhenTargetCantBeReached":true,
      "bFleeIfNotAlerted":false,
      "fFleeIfLowHealth":0,
      "bCirculateWhileCharging":true,
      "bCirculateWhileChargingFlying":false,
      "bEnableHuntPlayer":true,
      "bAttackPlayerObjects":true,
      "bAttackPlayerObjectsWhenAlerted":null,
      "fInterceptTimeMax":0,
      "fInterceptTimeMin":0,
      "fMaxChaseDistance":0,
      "fMinAttackInterval":4,
      "fCircleTargetInterval":0,
      "fCircleTargetDuration":5,
      "fCircleTargetDistance":10,
      "bSleeping":true,
      "bNoiseWakeup":true,
      "fNoiseRangeScale" : null,
      "fWakeupRange" : 45,
      "aWakeupEffects":[
         "sfx_stonegolem_wakeup"
      ],
      "bAvoidLand":false,
      "aConsumeItems":[
         
      ],
      "fConsumeRange":2,
      "fConsumeSearchRange":5,
      "fConsumeSearchInterval":10,
      "fConsumeHeal":0
   },
   "Category_CharacterDrop":{
      "bReplaceOriginalDrops":true,
      "drDrops":[
         
      ]
   },
   "Category_Special":{
      "bCanTame":false,
      "bAlwaysTame":false,
      "bCommandableWhenTame":false,
      "bCanProcreateWhenTame":false,
      "bFxNoTame":false,
      "bSfxNoAlert":false,
      "bSfxNoIdle":false,
      "bSfxNoHit":false,
      "bSfxNoDeath":false
   },
   "Category_NpcOnly":null,
   "sConfigFormatVersion":"0.2.0"
}