{
   "sOriginalPrefabName":"ObsidianGolem",
   "sNewPrefabName":"MN_AshGolem",
   "Category_Appearance":{
      "vScale":{
         "fX":0.75,
         "fY":0.75,
         "fZ":0.75
      },
      "cTintColor":null,
      "cTintItems":null,
      "cBodySmoke":null,
      "cBodyFlames":null,
      "sCustomTexture":null
   },
   "Category_Character":{
      "sName":"Obsidian Golem",
      "sFaction":"Demon",
      "bBoss":false,
      "sBossEvent":"",
      "sDefeatSetGlobalKey":"",
      "fMoveSpeedMulti":1,
      "bToleratesWater":true,
      "bToleratesFire":true,
      "bToleratesSmoke":true,
      "fHealth":800,
      "dDamageTaken":{
         "m_blunt":"Normal",
         "m_slash":"Resistant",
         "m_pierce":"Resistant",
         "m_chop":"Ignore",
         "m_pickaxe":"VeryWeak",
         "m_fire":"Immune",
         "m_frost":"Immune",
         "m_lightning":"Normal",
         "m_poison":"Immune",
         "m_spirit":"Immune"
      }
   },
   "Category_Humanoid":{
      "dtAttackDamageOverride":null,
      "fAttackDamageTotalOverride":null,
      "sAttackProjectileOverride":null,
      "aDefaultItems":[
         "@1",
         "@2",
         "@3",
         "ObsidianGolem_clubs"
      ],
      "aRandomWeapon":[
         
      ],
      "aRandomArmor":[
         "ObsidianGolem_hat",
         "",
         ""
      ],
      "aRandomShield":[
         
      ],
      "aaRandomSets":[
         
      ],
      "aHitEffects":[
         "vfx_MarbleDestroyed",
         "sfx_stonegolem_hurt"
      ],
      "aDeathEffects":[
         "ObsidianGolem_ragdoll",
         "vfx_RockDestroyed_marble",
         "sfx_stonegolem_death"
      ],
      "aConsumeItemEffects":[
         
      ],
      "aAdvancedCustomAttacks":[
         {
            "sOriginalPrefabName":"stonegolem_attack3_spikesweep",
            "sTargetAnim":"attack3",
            "fAIAttackInterval":8,
            "bAIPrioritized":null,
            "dtAttackDamageOverride":{
               "fDamage":0,
               "fBlunt":80,
               "fSlash":0,
               "fPierce":0,
               "fChop":0,
               "fPickaxe":0,
               "fFire":0,
               "fFrost":0,
               "fLightning":0,
               "fPoison":0,
               "fSpirit":0
            },
            "fAttackDamageTotalOverride":null,
            "sAttackProjectileOverride":null,
            "aStartEffects":[
               "sfx_stonegolem_primary_start"
            ],
            "aHitEffects":[

            ],
            "aTriggerEffects":[
               "vfx_stonegolem_attack_hit",
               "sfx_stonegolem_attack_hit"
            ]
         },
         {
            "sOriginalPrefabName":"stonegolem_attack_doublesmash",
            "sTargetAnim":"doublesmash",
            "fAIAttackInterval":10,
            "bAIPrioritized":null,
            "dtAttackDamageOverride":{
               "fDamage":0,
               "fBlunt":100,
               "fSlash":0,
               "fPierce":0,
               "fChop":50,
               "fPickaxe":50,
               "fFire":0,
               "fFrost":0,
               "fLightning":0,
               "fPoison":0,
               "fSpirit":0
            },
            "fAttackDamageTotalOverride":null,
            "sAttackProjectileOverride":null,
            "aStartEffects":[
               "sfx_stonegolem_second_start"
            ],
            "aHitEffects":[

            ],
            "aTriggerEffects":[
               "vfx_stonegolem_attack_hit",
               "sfx_stonegolem_attack_hit"
            ]
         },
         {
            "sOriginalPrefabName":"Greydwarf_throw",
            "sTargetAnim":"attack2",
            "fAIAttackInterval":10,
            "fAIAttackRangeMin":8,
            "bAIPrioritized":true,
            "dtAttackDamageOverride":{
               "fDamage":0,
               "fBlunt":140,
               "fSlash":0,
               "fPierce":0,
               "fChop":50,
               "fPickaxe":50,
               "fFire":0,
               "fFrost":0,
               "fLightning":0,
               "fPoison":0,
               "fSpirit":0
            },
            "fAttackDamageTotalOverride":null,
            "sAttackProjectileOverride":"troll_throw_projectile",
            "aStartEffects":[
               "fx_goblinbrute_groundslam",
               "sfx_stonegolem_primary_start"
            ],
            "aHitEffects":null,
            "aTriggerEffects":null
         }
      ]
   },
   "Category_BaseAI":{
      "fViewRange":30,
      "fViewAngle":90,
      "fHearRange":9999,
      "aAlertedEffects":[
         "sfx_stonegolem_alerted"
      ],
      "aIdleEffects":[
         "sfx_stonegolem_idle"
      ],
      "fIdleEffectsInterval":3,
      "fIdleEffectsChance":0.25,
      "sPathAgentType":"TrollSize",
      "fRandomCircleInterval":2,
      "fRandomMoveInterval":10,
      "fRandomMoveRange":10,
      "bRandomFly":false,
      "fChanceToTakeoff":1,
      "fChanceToLand":1,
      "fGroundDuration":10,
      "fAirDuration":10,
      "fMaxLandAltitude":5,
      "fFlyAltitudeMin":3,
      "fFlyAltitudeMax":10,
      "fTakeoffTime":5,
      "bAvoidFire":false,
      "bAfraidOfFire":false,
      "bAvoidWater":true,
      "sSpawnMessage":"",
      "sDeathMessage":""
   },
   "Category_MonsterAI":{
      "fAlertRange":20,
      "bFleeIfHurtWhenTargetCantBeReached":true,
      "bFleeIfNotAlerted":false,
      "fFleeIfLowHealth":0,
      "bCirculateWhileCharging":false,
      "bCirculateWhileChargingFlying":false,
      "bEnableHuntPlayer":false,
      "bAttackPlayerObjects":true,
      "bAttackPlayerObjectsWhenAlerted":null,
      "fInterceptTimeMax":0,
      "fInterceptTimeMin":0,
      "fMaxChaseDistance":0,
      "fMinAttackInterval":3,
      "fCircleTargetInterval":0,
      "fCircleTargetDuration":5,
      "fCircleTargetDistance":10,
      "bSleeping":true,
      "bNoiseWakeup":true,
      "fNoiseRangeScale":null,
      "fWakeupRange":20,
      "aWakeupEffects":[
         "sfx_stonegolem_wakeup"
      ],
      "bAvoidLand":false,
      "aConsumeItems":[
         
      ],
      "fConsumeRange":2,
      "fConsumeSearchRange":5,
      "fConsumeSearchInterval":10,
      "fConsumeHeal":0
   },
   "Category_CharacterDrop":{
      "bReplaceOriginalDrops":true,
      "drDrops":[
         
      ]
   },
   "Category_Special":{
      "bCanTame":false,
      "bAlwaysTame":false,
      "bCommandableWhenTame":false,
      "bCanProcreateWhenTame":false,
      "bFxNoTame":false,
      "bSfxNoAlert":false,
      "bSfxNoIdle":false,
      "bSfxNoHit":false,
      "bSfxNoDeath":false
   },
   "Category_NpcOnly":null,
   "sConfigFormatVersion":"0.2.0"
}