{
   "sOriginalPrefabName":"NormalSkeletonWarrior",
   "sNewPrefabName":"MN_AshSkeleton",
   "Category_Appearance":{
      "vScale":{
         "fX":1.2,
         "fY":1.2,
         "fZ":1.2
      },
      "cTintColor":null,
      "cTintItems":null,
      "cBodySmoke":null,
      "cBodyFlames":{
         "fRed":0.05,
         "fGreen":0.05,
         "fBlue":0.05
      },
      "sCustomTexture":"MN_AshSkeleton"
   },
   "Category_Character":{
      "sName":"Charred",
      "sFaction":"Undead",
      "bBoss":false,
      "sBossEvent":"",
      "sDefeatSetGlobalKey":"",
      "fMoveSpeedMulti":1,
      "bToleratesWater":true,
      "bToleratesFire":true,
      "bToleratesSmoke":true,
      "bStaggerWhenBlocked":null,
      "fHealth":320,
      "dDamageTaken":{
         "m_blunt":"Weak",
         "m_slash":"Normal",
         "m_pierce":"Resistant",
         "m_chop":"Ignore",
         "m_pickaxe":"Ignore",
         "m_fire":"Immune",
         "m_frost":"Resistant",
         "m_lightning":"Normal",
         "m_poison":"Immune",
         "m_spirit":"Normal"
      }
   },
   "Category_Humanoid":{
      "dtAttackDamageOverride":null,
      "fAttackDamageTotalOverride":null,
      "sAttackProjectileOverride":null,
      "aDefaultItems":[
         
      ],
      "aRandomWeapon":[
         
      ],
      "aRandomArmor":[
         
      ],
      "aRandomShield":[
         
      ],
      "aaRandomSets":[
         {
            "aSetItems":[
               "@1",
               "@2",
               "@3",
               "@4",
               "@9",
               "@11",
               "@12",
               "ArmorCarapaceChest",
               "ArmorCarapaceLegs",
               "CapeLinen",
               "NPC_SwordBlackMetal_Right",
               "ShieldBlackmetalTower"
            ]
         },
         {
            "aSetItems":[
               "@1",
               "@2",
               "@3",
               "@10",
               "@9",
               "@11",
               "ArmorCarapaceChest",
               "ArmorCarapaceLegs",
               "CapeLinen",
               "NPC_SwordBlackMetal_Right",
               "ShieldBlackmetalTower"
            ]
         },
         {
            "aSetItems":[
               "@5",
               "@6",
               "@7",
               "@8",
               "@9",
               "@11",
               "@12",
               "ArmorCarapaceChest",
               "ArmorCarapaceLegs",
               "CapeLinen",
               "NPC_AxeBlackMetal_Right",
               "ShieldBlackmetalTower"
            ]
         },
         {
            "aSetItems":[
               "@5",
               "@6",
               "@7",
               "@10",
               "@9",
               "@11",
               "ArmorCarapaceChest",
               "ArmorCarapaceLegs",
               "CapeLinen",
               "NPC_AxeBlackMetal_Right",
               "ShieldBlackmetalTower"
            ]
         },
         {
            "aSetItems":[
               "@13",
               "@14",
               "ArmorCarapaceChest",
               "ArmorCarapaceLegs",
               "CapeLinen",
               "NPC_BowHuntsman"
            ]
         }
      ],
      "aHitEffects":[
         "vfx_skeleton_hit",
         "vfx_blobtar_hit",
         "sfx_skeleton_hit"
      ],
      "aDeathEffects":[
         "vfx_skeleton_death",
         "vfx_blobtar_hit",
         "sfx_skeleton_death"
      ],
      "aConsumeItemEffects":[
         
      ],
      "aAdvancedCustomAttacks":[
         {
            "sOriginalPrefabName":"attack_sword_right180",
            "sTargetAnim":"swing_longsword0",
            "fAIAttackInterval":4,
            "bAIPrioritized":false,
            "dtAttackDamageOverride":{
               "fDamage":0,
               "fBlunt":0,
               "fSlash":120,
               "fPierce":0,
               "fChop":0,
               "fPickaxe":0,
               "fFire":0,
               "fFrost":0,
               "fLightning":0,
               "fPoison":0,
               "fSpirit":0
            },
            "fAttackDamageTotalOverride":null,
            "sAttackProjectileOverride":null,
            "aStartEffects":[
               "sfx_skeleton_attack",
               "sfx_sword_swing"
            ],
            "aHitEffects":[
               "sfx_sword_hit"
            ],
            "aTriggerEffects":null
         },
         {
            "sOriginalPrefabName":"attack_sword_right180",
            "sTargetAnim":"swing_axe2",
            "fAIAttackInterval":4,
            "bAIPrioritized":false,
            "dtAttackDamageOverride":{
               "fDamage":0,
               "fBlunt":0,
               "fSlash":120,
               "fPierce":0,
               "fChop":0,
               "fPickaxe":0,
               "fFire":0,
               "fFrost":0,
               "fLightning":0,
               "fPoison":0,
               "fSpirit":0
            },
            "fAttackDamageTotalOverride":null,
            "sAttackProjectileOverride":null,
            "aStartEffects":[
               "sfx_skeleton_attack",
               "sfx_sword_swing"
            ],
            "aHitEffects":[
               "sfx_sword_hit"
            ],
            "aTriggerEffects":null
         },
         {
            "sOriginalPrefabName":"attack_sword_right180",
            "sTargetAnim":"swing_longsword0",
            "fAIAttackInterval":4,
            "bAIPrioritized":false,
            "dtAttackDamageOverride":{
               "fDamage":0,
               "fBlunt":0,
               "fSlash":120,
               "fPierce":0,
               "fChop":0,
               "fPickaxe":0,
               "fFire":0,
               "fFrost":0,
               "fLightning":0,
               "fPoison":0,
               "fSpirit":0
            },
            "fAttackDamageTotalOverride":null,
            "sAttackProjectileOverride":null,
            "aStartEffects":[
               "sfx_skeleton_attack",
               "sfx_sword_swing"
            ],
            "aHitEffects":[
               "sfx_sword_hit"
            ],
            "aTriggerEffects":null
         },
         {
            "sOriginalPrefabName":"attack_sword_rightlong",
            "sTargetAnim":"mace_secondary1",
            "fAIAttackInterval":14,
            "bAIPrioritized":false,
            "dtAttackDamageOverride":{
               "fDamage":0,
               "fBlunt":0,
               "fSlash":100,
               "fPierce":0,
               "fChop":0,
               "fPickaxe":0,
               "fFire":0,
               "fFrost":0,
               "fLightning":0,
               "fPoison":0,
               "fSpirit":0
            },
            "fAttackDamageTotalOverride":null,
            "sAttackProjectileOverride":null,
            "sAttackStatusEffect":"Tared",
            "aStartEffects":[
               "sfx_skeleton_attack",
               "sfx_sword_swing"
            ],
            "aHitEffects":[
               "vfx_blobtar_hit",
               "sfx_sword_hit"
            ],
            "aTriggerEffects":null
         },
         {
            "sOriginalPrefabName":"attack_axe_right180",
            "sTargetAnim":"swing_axe0",
            "fAIAttackInterval":4,
            "bAIPrioritized":true,
            "dtAttackDamageOverride":{
               "fDamage":0,
               "fBlunt":0,
               "fSlash":120,
               "fPierce":0,
               "fChop":0,
               "fPickaxe":0,
               "fFire":0,
               "fFrost":0,
               "fLightning":0,
               "fPoison":0,
               "fSpirit":0
            },
            "fAttackDamageTotalOverride":null,
            "sAttackProjectileOverride":null,
            "aStartEffects":[
               "sfx_skeleton_attack",
               "sfx_axe_swing"
            ],
            "aHitEffects":[
               "sfx_axe_hit"
            ],
            "aTriggerEffects":null
         },
         {
            "sOriginalPrefabName":"attack_axe_rightlong",
            "sTargetAnim":"swing_axe2",
            "fAIAttackInterval":4,
            "bAIPrioritized":null,
            "dtAttackDamageOverride":{
               "fDamage":0,
               "fBlunt":0,
               "fSlash":120,
               "fPierce":0,
               "fChop":0,
               "fPickaxe":0,
               "fFire":0,
               "fFrost":0,
               "fLightning":0,
               "fPoison":0,
               "fSpirit":0
            },
            "fAttackDamageTotalOverride":null,
            "sAttackProjectileOverride":null,
            "aStartEffects":[
               "sfx_skeleton_attack",
               "sfx_axe_swing"
            ],
            "aHitEffects":[
               "sfx_axe_hit"
            ],
            "aTriggerEffects":null
         },
         {
            "sOriginalPrefabName":"attack_axe_right180",
            "sTargetAnim":"mace_attack2",
            "fAIAttackInterval":4,
            "bAIPrioritized":null,
            "dtAttackDamageOverride":{
               "fDamage":0,
               "fBlunt":0,
               "fSlash":120,
               "fPierce":0,
               "fChop":0,
               "fPickaxe":0,
               "fFire":0,
               "fFrost":0,
               "fLightning":0,
               "fPoison":0,
               "fSpirit":0
            },
            "fAttackDamageTotalOverride":null,
            "sAttackProjectileOverride":null,
            "aStartEffects":[
               "sfx_skeleton_attack",
               "sfx_axe_swing"
            ],
            "aHitEffects":[
               "sfx_axe_hit"
            ],
            "aTriggerEffects":null
         },
         {
            "sOriginalPrefabName":"attack_axe_rightlong",
            "sTargetAnim":"mace_secondary1",
            "fAIAttackInterval":14,
            "bAIPrioritized":false,
            "dtAttackDamageOverride":{
               "fDamage":0,
               "fBlunt":0,
               "fSlash":100,
               "fPierce":0,
               "fChop":0,
               "fPickaxe":0,
               "fFire":0,
               "fFrost":0,
               "fLightning":0,
               "fPoison":0,
               "fSpirit":0
            },
            "fAttackDamageTotalOverride":null,
            "sAttackProjectileOverride":null,
            "sAttackStatusEffect":"Tared",
            "aStartEffects":[
               "sfx_skeleton_attack",
               "sfx_axe_swing"
            ],
            "aHitEffects":[
               "vfx_blobtar_hit",
               "sfx_axe_hit"
            ],
            "aTriggerEffects":null
         },
         {
            "sOriginalPrefabName":"attack_kick_shield",
            "sTargetAnim":"unarmed_kick0",
            "fAIAttackInterval":8,
            "bAIPrioritized":false,
            "dtAttackDamageOverride":{
               "fDamage":0,
               "fBlunt":100,
               "fSlash":0,
               "fPierce":0,
               "fChop":0,
               "fPickaxe":0,
               "fFire":0,
               "fFrost":0,
               "fLightning":0,
               "fPoison":0,
               "fSpirit":0
            },
            "fAttackDamageTotalOverride":null,
            "sAttackProjectileOverride":null,
            "aStartEffects":[
               "sfx_skeleton_attack",
               "sfx_club_swing"
            ],
            "aHitEffects":[
               "vfx_clubhit",
               "vfx_HitSparks",
               "sfx_metal_shield_blocked"
            ],
            "aTriggerEffects":null
         },
         {
            "sOriginalPrefabName":"blobtar_attack",
            "sTargetAnim":"mace_attack2",
            "fAIAttackInterval":18,
            "fAIAttackRangeMin":4,
            "bAIPrioritized":false,
            "dtAttackDamageOverride":{
               "fDamage":0,
               "fBlunt":0,
               "fSlash":120,
               "fPierce":0,
               "fChop":0,
               "fPickaxe":0,
               "fFire":0,
               "fFrost":0,
               "fLightning":0,
               "fPoison":0,
               "fSpirit":0
            },
            "fAttackDamageTotalOverride":null,
            "sAttackProjectileOverride":"blobtar_projectile_tarball",
            "aStartEffects":[
               "sfx_skeleton_attack"
            ],
            "aHitEffects":null,
            "aTriggerEffects":null
         },
         {
            "sOriginalPrefabName":"attack_shield_block",
            "sTargetAnim":"block0",
            "fAIAttackInterval":14,
            "bAIPrioritized":false,
            "dtAttackDamageOverride":{
               "fDamage":0,
               "fBlunt":0,
               "fSlash":0,
               "fPierce":0,
               "fChop":0,
               "fPickaxe":0,
               "fFire":0,
               "fFrost":0,
               "fLightning":0,
               "fPoison":0,
               "fSpirit":0
            },
            "fAttackDamageTotalOverride":null,
            "sAttackProjectileOverride":null,
            "aStartEffects":[
               
            ],
            "aHitEffects":[
               
            ],
            "aTriggerEffects":null
         },
         {
            "sOriginalPrefabName":"attack_taunt",
            "sTargetAnim":"taunt1",
            "fAIAttackInterval":22,
            "fAIAttackRangeMin":4,
            "bAIPrioritized":false,
            "dtAttackDamageOverride":{
               "fDamage":0,
               "fBlunt":0,
               "fSlash":0,
               "fPierce":0,
               "fChop":0,
               "fPickaxe":0,
               "fFire":0,
               "fFrost":0,
               "fLightning":0,
               "fPoison":0,
               "fSpirit":0
            },
            "fAttackDamageTotalOverride":null,
            "sAttackProjectileOverride":null,
            "aStartEffects":[
               "sfx_skeleton_alerted"
            ],
            "aHitEffects":null,
            "aTriggerEffects":null
         },
         {
            "sOriginalPrefabName":"attack_bow",
            "sTargetAnim":"bow_fire",
            "fAIAttackInterval":4,
            "fAIAttackRangeMin":4,
            "bAIPrioritized":true,
            "dtAttackDamageOverride":{
               "fDamage":0,
               "fBlunt":0,
               "fSlash":0,
               "fPierce":140,
               "fChop":0,
               "fPickaxe":0,
               "fFire":0,
               "fFrost":0,
               "fLightning":0,
               "fPoison":0,
               "fSpirit":0
            },
            "fAttackDamageTotalOverride":null,
            "sAttackProjectileOverride":"bow_projectile",
            "sAttackStatusEffect":"Tared",
            "aStartEffects":null,
            "aHitEffects":[
               "fx_blobtar_tarball_hit"
            ],
            "aTriggerEffects":null
         },
         {
            "sOriginalPrefabName":"attack_bow_stab",
            "sTargetAnim":"archer_melee0",
            "fAIAttackInterval":6,
            "bAIPrioritized":false,
            "dtAttackDamageOverride":{
               "fDamage":0,
               "fBlunt":0,
               "fSlash":0,
               "fPierce":80,
               "fChop":0,
               "fPickaxe":0,
               "fFire":0,
               "fFrost":0,
               "fLightning":0,
               "fPoison":0,
               "fSpirit":0
            },
            "fAttackDamageTotalOverride":null,
            "sAttackProjectileOverride":null,
            "aStartEffects":[
               "sfx_skeleton_attack",
               "sfx_unarmed_swing"
            ],
            "aHitEffects":null,
            "aTriggerEffects":null
         }
      ]
   },
   "Category_BaseAI":{
      "fViewRange":30,
      "fViewAngle":90,
      "fHearRange":9999,
      "aAlertedEffects":[
         "sfx_skeleton_alerted"
      ],
      "aIdleEffects":[
         "sfx_skeleton_idle"
      ],
      "fIdleEffectsInterval":10,
      "fIdleEffectsChance":0.5,
      "sPathAgentType":"Humanoid",
      "fRandomCircleInterval":2,
      "fRandomMoveInterval":20,
      "fRandomMoveRange":15,
      "bRandomFly":false,
      "fChanceToTakeoff":1,
      "fChanceToLand":1,
      "fGroundDuration":10,
      "fAirDuration":10,
      "fMaxLandAltitude":5,
      "fFlyAltitudeMin":3,
      "fFlyAltitudeMax":10,
      "fTakeoffTime":5,
      "bAvoidFire":false,
      "bAfraidOfFire":false,
      "bAvoidWater":false,
      "sSpawnMessage":"",
      "sDeathMessage":""
   },
   "Category_MonsterAI":{
      "fAlertRange":20,
      "bFleeIfHurtWhenTargetCantBeReached":true,
      "bFleeIfNotAlerted":false,
      "fFleeIfLowHealth":0,
      "bCirculateWhileCharging":false,
      "bCirculateWhileChargingFlying":false,
      "bEnableHuntPlayer":false,
      "bAttackPlayerObjects":true,
      "bAttackPlayerObjectsWhenAlerted":null,
      "fInterceptTimeMax":2,
      "fInterceptTimeMin":0,
      "fMaxChaseDistance":0,
      "fMinAttackInterval":0,
      "fCircleTargetInterval":6,
      "fCircleTargetDuration":4,
      "fCircleTargetDistance":6,
      "bSleeping":false,
      "bNoiseWakeup":false,
      "fNoiseRangeScale":null,
      "fWakeupRange":5,
      "aWakeupEffects":[
         
      ],
      "bAvoidLand":false,
      "aConsumeItems":[
         
      ],
      "fConsumeRange":2,
      "fConsumeSearchRange":5,
      "fConsumeSearchInterval":10,
      "fConsumeHeal":0
   },
   "Category_CharacterDrop":{
      "bReplaceOriginalDrops":true,
      "drDrops":[
         
      ]
   },
   "Category_Special":{
      "bCanTame":false,
      "bAlwaysTame":false,
      "bCommandableWhenTame":false,
      "bCanProcreateWhenTame":false,
      "bFxNoTame":false,
      "bSfxNoAlert":false,
      "bSfxNoIdle":false,
      "bSfxNoHit":false,
      "bSfxNoDeath":false
   },
   "Category_NpcOnly":null,
   "sConfigFormatVersion":"0.2.0"
}