{
   "sOriginalPrefabName":"StoneGolem",
   "sNewPrefabName":"MN_PolarGolem",
   "Category_Appearance":{
      "vScale":{
         "fX":2,
         "fY":2,
         "fZ":2
      },
      "cTintColor":{
         "fRed":0.85,
         "fGreen":0.85,
         "fBlue":0.85
      },
      "cTintItems":{
         "fRed":0.85,
         "fGreen":0.85,
         "fBlue":0.85
      },
      "cBodySmoke":null,
      "cBodyFlames":null,
      "sCustomTexture":null
   },
   "Category_Character":{
      "sName":"Silver Golem",
      "sFaction":"MountainMonsters",
      "bBoss":false,
      "sBossEvent":"",
      "sDefeatSetGlobalKey":"",
      "fMoveSpeedMulti":1,
      "bToleratesWater":true,
      "bToleratesFire":true,
      "bToleratesSmoke":true,
      "bStaggerWhenBlocked":false,
      "fHealth":2200,
      "dDamageTaken":{
         "m_blunt":"Normal",
         "m_slash":"Resistant",
         "m_pierce":"Resistant",
         "m_chop":"Ignore",
         "m_pickaxe":"VeryWeak",
         "m_fire":"Immune",
         "m_frost":"Immune",
         "m_lightning":"Normal",
         "m_poison":"Immune",
         "m_spirit":"Immune"
      }
   },
   "Category_Humanoid":{
      "dtAttackDamageOverride":null,
      "fAttackDamageTotalOverride":null,
      "sAttackProjectileOverride":null,
      "aDefaultItems":[
         "@1",
         "@2",
         "@3",
         "@4",
         "StoneGolem_clubs"
      ],
      "aRandomWeapon":[
         
      ],
      "aRandomArmor":[
         "StoneGolem_hat",
         "",
         ""
      ],
      "aRandomShield":[
         
      ],
      "aaRandomSets":[
         
      ],
      "aHitEffects":[
         "vfx_stonegolem_hurt",
         "sfx_stonegolem_hurt"
      ],
      "aDeathEffects":[
         "sfx_stonegolem_death",
         "Stonegolem_ragdoll",
         "vfx_stonegolem_death"
      ],
      "aConsumeItemEffects":[
         
      ],
      "aAdvancedCustomAttacks":[
         {
            "sOriginalPrefabName":"stonegolem_attack2_left_groundslam",
            "sTargetAnim":"attack2",
            "fAIAttackInterval":4,
            "bAIPrioritized":true,
            "dtAttackDamageOverride":{
               "fDamage":0,
               "fBlunt":120,
               "fSlash":0,
               "fPierce":0,
               "fChop":150,
               "fPickaxe":150,
               "fFire":0,
               "fFrost":0,
               "fLightning":0,
               "fPoison":0,
               "fSpirit":0
            },
            "fAttackDamageTotalOverride":null,
            "sAttackProjectileOverride":null,
            "aStartEffects":[
               "sfx_stonegolem_primary_start"
            ],
            "aHitEffects":[
               "fx_dragon_land",
               "fx_icefloor_destruction",
               "vfx_ice_destroyed"
            ],
            "aTriggerEffects":null
         },
         {
            "sOriginalPrefabName":"stonegolem_attack_doublesmash",
            "sTargetAnim":"attack3",
            "fAIAttackInterval":10,
            "bAIPrioritized":null,
            "dtAttackDamageOverride":{
               "fDamage":0,
               "fBlunt":120,
               "fSlash":0,
               "fPierce":0,
               "fChop":150,
               "fPickaxe":150,
               "fFire":0,
               "fFrost":0,
               "fLightning":0,
               "fPoison":0,
               "fSpirit":0
            },
            "fAttackDamageTotalOverride":null,
            "sAttackProjectileOverride":null,
            "aStartEffects":[
               "sfx_stonegolem_primary_start"
            ],
            "aHitEffects":[
               "fx_dragon_land",
               "fx_icefloor_destruction",
               "vfx_ice_destroyed"
            ],
            "aTriggerEffects":null
         },
         {
            "sOriginalPrefabName":"stonegolem_attack_doublesmash",
            "sTargetAnim":"doublesmash",
            "fAIAttackInterval":20,
            "bAIPrioritized":null,
            "dtAttackDamageOverride":{
               "fDamage":0,
               "fBlunt":100,
               "fSlash":0,
               "fPierce":0,
               "fChop":150,
               "fPickaxe":150,
               "fFire":0,
               "fFrost":80,
               "fLightning":0,
               "fPoison":0,
               "fSpirit":0
            },
            "fAttackDamageTotalOverride":null,
            "sAttackProjectileOverride":null,
            "aStartEffects":null,
            "aHitEffects":[
               "fx_dragon_land",
               "fx_icefloor_destruction",
               "vfx_ice_destroyed"
            ],
            "aTriggerEffects":[
               "vfx_dragon_coldbreath"
            ]
         },
         {
            "sOriginalPrefabName":"gd_king_shoot",
            "sTargetAnim":"attack3",
            "fAIAttackInterval":20,
            "fAIAttackRangeMin":4,
            "bAIPrioritized":null,
            "dtAttackDamageOverride":{
               "fDamage":0,
               "fBlunt":80,
               "fSlash":0,
               "fPierce":0,
               "fChop":150,
               "fPickaxe":150,
               "fFire":0,
               "fFrost":0,
               "fLightning":0,
               "fPoison":0,
               "fSpirit":0
            },
            "fAttackDamageTotalOverride":null,
            "sAttackProjectileOverride":"troll_throw_projectile",
            "aStartEffects":[
               "sfx_stonegolem_primary_start"
            ],
            "aHitEffects":null,
            "aTriggerEffects":null
         }
      ]
   },
   "Category_BaseAI":{
      "fViewRange":30,
      "fViewAngle":90,
      "fHearRange":9999,
      "aAlertedEffects":[
         "sfx_stonegolem_alerted"
      ],
      "aIdleEffects":[
         "sfx_stonegolem_idle"
      ],
      "fIdleEffectsInterval":3,
      "fIdleEffectsChance":0.25,
      "sPathAgentType":"HugeSize",
      "fRandomCircleInterval":5,
      "fRandomMoveInterval":10,
      "fRandomMoveRange":35,
      "bRandomFly":false,
      "fChanceToTakeoff":1,
      "fChanceToLand":1,
      "fGroundDuration":10,
      "fAirDuration":10,
      "fMaxLandAltitude":5,
      "fFlyAltitudeMin":3,
      "fFlyAltitudeMax":10,
      "fTakeoffTime":5,
      "bAvoidFire":false,
      "bAfraidOfFire":false,
      "bAvoidWater":true,
      "sSpawnMessage":"",
      "sDeathMessage":""
   },
   "Category_MonsterAI":{
      "fAlertRange":20,
      "bFleeIfHurtWhenTargetCantBeReached":true,
      "bFleeIfNotAlerted":false,
      "fFleeIfLowHealth":0,
      "bCirculateWhileCharging":true,
      "bCirculateWhileChargingFlying":false,
      "bEnableHuntPlayer":false,
      "bAttackPlayerObjects":true,
      "bAttackPlayerObjectsWhenAlerted":null,
      "fInterceptTimeMax":0,
      "fInterceptTimeMin":0,
      "fMaxChaseDistance":0,
      "fMinAttackInterval":2,
      "fCircleTargetInterval":0,
      "fCircleTargetDuration":5,
      "fCircleTargetDistance":10,
      "bSleeping":true,
      "bNoiseWakeup":true,
      "fNoiseRangeScale":null,
      "fWakeupRange":2,
      "aWakeupEffects":[
         "vfx_stonegolem_wakeup",
         "sfx_stonegolem_wakeup"
      ],
      "bAvoidLand":false,
      "aConsumeItems":[
         
      ],
      "fConsumeRange":2,
      "fConsumeSearchRange":5,
      "fConsumeSearchInterval":10,
      "fConsumeHeal":0
   },
   "Category_CharacterDrop":{
      "bReplaceOriginalDrops":true,
      "drDrops":[
         
      ]
   },
   "Category_Special":{
      "bCanTame":false,
      "bAlwaysTame":false,
      "bCommandableWhenTame":false,
      "bCanProcreateWhenTame":false,
      "bFxNoTame":false,
      "bSfxNoAlert":false,
      "bSfxNoIdle":false,
      "bSfxNoHit":false,
      "bSfxNoDeath":false
   },
   "Category_NpcOnly":null,
   "sConfigFormatVersion":"0.2.0"
}